# This file uses centimeters as units for non-parametric coordinates.

mtllib opened_and_closed_door_storage_freezer_mortuary_for_corpses3.mtl
g default
v -7.236770 0.079945 4.507997
v -7.320868 0.079945 4.423899
v 4.507997 0.079945 4.423899
v 4.423899 0.079945 4.507997
v -7.320868 0.472459 4.423899
v -7.236770 0.472459 4.507997
v -7.236770 0.556557 4.423899
v 4.423899 0.556557 4.423899
v 4.423899 0.472459 4.507997
v 4.507997 0.472459 4.423899
v -7.320868 0.472459 -4.423899
v -7.236770 0.556557 -4.423899
v -7.236770 0.472459 -4.507997
v 4.423899 0.472459 -4.507997
v 4.423899 0.556557 -4.423899
v 4.507997 0.472459 -4.423899
v -7.320868 0.079945 -4.423899
v -7.236770 0.079945 -4.507997
v 4.423899 0.079945 -4.507997
v 4.507997 0.079945 -4.423899
vt 0.377332 0.037496
vt 0.627332 0.037496
vt 0.375000 0.252332
vt 0.375000 0.497668
vt 0.377332 0.212504
vt 0.622668 0.212504
vt 0.625000 0.252332
vt 0.375000 0.537496
vt 0.375000 0.712504
vt 0.377332 0.497668
vt 0.622668 0.497668
vt 0.625000 0.537496
vt 0.625000 0.712504
vt 0.377332 0.712504
vt 0.622668 0.712504
vt 0.622668 0.037496
vt 0.377332 0.252332
vt 0.622668 0.252332
vt 0.377332 0.537496
vt 0.622668 0.537496
vt 0.872668 0.037496
vt 0.872668 0.212504
vt 0.127332 0.037496
vt 0.372668 0.037496
vt 0.372668 0.212504
vt 0.127332 0.212504
vt 0.627332 0.212504
vt 0.625000 0.497668
vn -0.707109 0.000000 0.707105
vn -0.707109 0.000000 0.707105
vn -0.707109 0.000000 0.707105
vn -0.707109 0.000000 0.707105
vn 0.707108 0.000000 0.707106
vn 0.707108 0.000000 0.707106
vn 0.707108 0.000000 0.707106
vn 0.707108 0.000000 0.707106
vn -0.707108 0.707106 0.000000
vn -0.707108 0.707106 0.000000
vn -0.707108 0.707106 0.000000
vn -0.707108 0.707106 0.000000
vn 0.000000 0.707106 0.707108
vn 0.000000 0.707106 0.707108
vn 0.000000 0.707106 0.707108
vn 0.000000 0.707106 0.707108
vn 0.707108 0.707106 0.000000
vn 0.707108 0.707106 0.000000
vn 0.707108 0.707106 0.000000
vn 0.707108 0.707106 0.000000
vn -0.707109 0.000000 -0.707105
vn -0.707109 0.000000 -0.707105
vn -0.707109 0.000000 -0.707105
vn -0.707109 0.000000 -0.707105
vn 0.000000 0.707106 -0.707108
vn 0.000000 0.707106 -0.707108
vn 0.000000 0.707106 -0.707108
vn 0.000000 0.707106 -0.707108
vn 0.707108 0.000000 -0.707106
vn 0.707108 0.000000 -0.707106
vn 0.707108 0.000000 -0.707106
vn 0.707108 0.000000 -0.707106
vn 0.000000 0.000000 1.000000
vn 0.000000 0.000000 1.000000
vn 0.000000 0.000000 1.000000
vn 0.000000 0.000000 1.000000
vn 0.000000 1.000000 0.000000
vn 0.000000 1.000000 0.000000
vn 0.000000 1.000000 0.000000
vn 0.000000 1.000000 0.000000
vn 0.000000 0.000000 -1.000000
vn 0.000000 0.000000 -1.000000
vn 0.000000 0.000000 -1.000000
vn 0.000000 0.000000 -1.000000
vn 1.000000 0.000000 0.000000
vn 1.000000 0.000000 0.000000
vn 1.000000 0.000000 0.000000
vn 1.000000 0.000000 0.000000
vn -1.000000 0.000000 0.000000
vn -1.000000 0.000000 0.000000
vn -1.000000 0.000000 0.000000
vn -1.000000 0.000000 0.000000
vn -0.577348 0.577354 0.577349
vn -0.577348 0.577354 0.577349
vn -0.577348 0.577354 0.577349
vn 0.577350 0.577349 0.577352
vn 0.577350 0.577349 0.577352
vn 0.577350 0.577349 0.577352
vn -0.577348 0.577354 -0.577349
vn -0.577348 0.577354 -0.577349
vn -0.577348 0.577354 -0.577349
vn 0.577350 0.577349 -0.577352
vn 0.577350 0.577349 -0.577352
vn 0.577350 0.577349 -0.577352
s off
g door_base closed_door
usemtl initialShadingGroup
f 2/24/1 1/1/2 6/5/3 5/25/4
f 4/16/5 3/2/6 10/27/7 9/6/8
f 5/3/9 7/17/10 12/10/11 11/4/12
f 7/17/13 6/5/14 9/6/15 8/18/16
f 8/18/17 10/7/18 16/28/19 15/11/20
f 11/8/21 13/19/22 18/14/23 17/9/24
f 13/19/25 12/10/26 15/11/27 14/20/28
f 14/20/29 16/12/30 20/13/31 19/15/32
f 1/1/33 4/16/34 9/6/35 6/5/36
f 7/17/37 8/18/38 15/11/39 12/10/40
f 13/19/41 14/20/42 19/15/43 18/14/44
f 3/2/45 20/21/46 16/22/47 10/27/48
f 17/23/49 2/24/50 5/25/51 11/26/52
f 5/25/53 6/5/54 7/17/55
f 8/18/56 9/6/57 10/27/58
f 11/4/59 12/10/60 13/19/61
f 14/20/62 15/11/63 16/28/64
g default
v 4.825377 0.206908 -3.708061
v 4.785280 0.236040 -3.708061
v 4.735718 0.236040 -3.708061
v 4.695622 0.206908 -3.708061
v 4.680307 0.159772 -3.708061
v 4.695622 0.112636 -3.708061
v 4.735718 0.083504 -3.708061
v 4.785280 0.083504 -3.708061
v 4.825377 0.112636 -3.708061
v 4.840692 0.159772 -3.708061
v 4.825377 0.206908 -2.897960
v 4.785280 0.236040 -2.897960
v 4.735718 0.236040 -2.897960
v 4.695622 0.206908 -2.897960
v 4.680307 0.159772 -2.897960
v 4.695622 0.112636 -2.897960
v 4.735718 0.083504 -2.897960
v 4.785280 0.083504 -2.897960
v 4.825377 0.112636 -2.897960
v 4.840692 0.159772 -2.897960
v 4.760499 0.159772 -3.708061
v 4.760499 0.159772 -2.897960
vt 0.626409 0.064409
vt 0.548284 0.007647
vt 0.451716 0.007647
vt 0.373591 0.064409
vt 0.343750 0.156250
vt 0.373591 0.248091
vt 0.451716 0.304853
vt 0.548284 0.304853
vt 0.626409 0.248091
vt 0.656250 0.156250
vt 0.375000 0.312500
vt 0.400000 0.312500
vt 0.425000 0.312500
vt 0.450000 0.312500
vt 0.475000 0.312500
vt 0.500000 0.312500
vt 0.525000 0.312500
vt 0.550000 0.312500
vt 0.575000 0.312500
vt 0.600000 0.312500
vt 0.625000 0.312500
vt 0.375000 0.687500
vt 0.400000 0.687500
vt 0.425000 0.687500
vt 0.450000 0.687500
vt 0.475000 0.687500
vt 0.500000 0.687500
vt 0.525000 0.687500
vt 0.550000 0.687500
vt 0.575000 0.687500
vt 0.600000 0.687500
vt 0.625000 0.687500
vt 0.626409 0.751909
vt 0.548284 0.695147
vt 0.451716 0.695147
vt 0.373591 0.751909
vt 0.343750 0.843750
vt 0.373591 0.935591
vt 0.451716 0.992353
vt 0.548284 0.992353
vt 0.626409 0.935591
vt 0.656250 0.843750
vt 0.500000 0.156250
vt 0.500000 0.843750
vn 0.587785 0.809017 0.000000
vn 0.587785 0.809017 0.000000
vn 0.587785 0.809017 0.000000
vn 0.587785 0.809017 0.000000
vn -0.000000 1.000000 0.000000
vn -0.000000 1.000000 0.000000
vn -0.000000 1.000000 0.000000
vn -0.000000 1.000000 0.000000
vn -0.587785 0.809017 0.000000
vn -0.587785 0.809017 0.000000
vn -0.587785 0.809017 0.000000
vn -0.587785 0.809017 0.000000
vn -0.951056 0.309017 0.000000
vn -0.951056 0.309017 0.000000
vn -0.951056 0.309017 0.000000
vn -0.951056 0.309017 0.000000
vn -0.951056 -0.309017 0.000000
vn -0.951056 -0.309017 0.000000
vn -0.951056 -0.309017 0.000000
vn -0.951056 -0.309017 0.000000
vn -0.587785 -0.809017 0.000000
vn -0.587785 -0.809017 0.000000
vn -0.587785 -0.809017 0.000000
vn -0.587785 -0.809017 0.000000
vn 0.587785 -0.809017 0.000000
vn 0.587785 -0.809017 0.000000
vn 0.587785 -0.809017 0.000000
vn 0.587785 -0.809017 0.000000
vn 0.951056 -0.309017 0.000000
vn 0.951056 -0.309017 0.000000
vn 0.951056 -0.309017 0.000000
vn 0.951056 -0.309017 0.000000
vn 0.951057 0.309017 0.000000
vn 0.951057 0.309017 0.000000
vn 0.951057 0.309017 0.000000
vn 0.951057 0.309017 0.000000
vn 0.000000 0.000000 -1.000000
vn 0.000000 0.000000 -1.000000
vn 0.000000 -0.000000 -1.000000
vn 0.000000 -0.000000 -1.000000
vn 0.000000 0.000001 -1.000000
vn 0.000000 0.000000 -1.000000
vn 0.000000 -0.000001 -1.000000
vn 0.000000 -0.000000 -1.000000
vn 0.000000 -0.000000 -1.000000
vn 0.000000 -0.000000 -1.000000
vn 0.000000 -0.000000 -1.000000
vn 0.000000 0.000000 1.000000
vn 0.000000 0.000000 1.000000
vn 0.000000 0.000000 1.000000
vn 0.000000 0.000000 1.000000
vn 0.000000 0.000000 1.000000
vn 0.000000 0.000000 1.000000
vn 0.000000 -0.000000 1.000000
vn 0.000000 -0.000000 1.000000
vn 0.000000 0.000000 1.000000
vn 0.000000 0.000000 1.000000
vn 0.000000 0.000000 1.000000
s off
g closed_door cylinder hinge
usemtl initialShadingGroup
f 21/39/65 22/40/66 32/51/67 31/50/68
f 22/40/69 23/41/70 33/52/71 32/51/72
f 23/41/73 24/42/74 34/53/75 33/52/76
f 24/42/77 25/43/78 35/54/79 34/53/80
f 25/43/81 26/44/82 36/55/83 35/54/84
f 26/44/85 27/45/86 37/56/87 36/55/88
f 28/46/89 29/47/90 39/58/91 38/57/92
f 29/47/93 30/48/94 40/59/95 39/58/96
f 30/48/97 21/49/98 31/60/99 40/59/100
s 1
f 22/30/101 21/29/102 41/71/103
f 23/31/104 22/30/101 41/71/103
f 24/32/105 23/31/104 41/71/103
f 25/33/106 24/32/105 41/71/103
f 26/34/107 25/33/106 41/71/103
f 27/35/108 26/34/107 41/71/103
f 28/36/109 27/35/108 41/71/103
f 29/37/110 28/36/109 41/71/103
f 30/38/111 29/37/110 41/71/103
f 21/29/102 30/38/111 41/71/103
s 2
f 31/69/112 32/68/113 42/72/114
f 32/68/113 33/67/115 42/72/114
f 33/67/115 34/66/116 42/72/114
f 34/66/116 35/65/117 42/72/114
f 35/65/117 36/64/118 42/72/114
f 36/64/118 37/63/119 42/72/114
f 37/63/119 38/62/120 42/72/114
f 38/62/120 39/61/121 42/72/114
f 39/61/121 40/70/122 42/72/114
f 40/70/122 31/69/112 42/72/114
g default
v 4.426392 0.085634 -2.899555
v 4.771845 0.085634 -2.899555
v 4.426392 0.194567 -2.899555
v 4.771845 0.194567 -2.899555
v 4.426392 0.194567 -3.705906
v 4.771845 0.194567 -3.705906
v 4.426392 0.085634 -3.705906
v 4.771845 0.085634 -3.705906
vt 0.375000 0.000000
vt 0.625000 0.000000
vt 0.375000 0.250000
vt 0.625000 0.250000
vt 0.375000 0.500000
vt 0.625000 0.500000
vt 0.375000 0.750000
vt 0.625000 0.750000
vn 0.000000 0.000000 1.000000
vn 0.000000 0.000000 1.000000
vn 0.000000 0.000000 1.000000
vn 0.000000 0.000000 1.000000
vn 0.000000 1.000000 0.000000
vn 0.000000 1.000000 0.000000
vn 0.000000 1.000000 0.000000
vn 0.000000 1.000000 0.000000
vn 0.000000 0.000000 -1.000000
vn 0.000000 0.000000 -1.000000
vn 0.000000 0.000000 -1.000000
vn 0.000000 0.000000 -1.000000
s off
g closed_door hinge bottom
usemtl initialShadingGroup
f 43/73/123 44/74/124 46/76/125 45/75/126
f 45/75/127 46/76/128 48/78/129 47/77/130
f 47/77/131 48/78/132 50/80/133 49/79/134
g default
v 4.767409 0.153205 -3.118292
v 4.760713 0.152426 -3.124817
v 4.837339 0.154106 -3.124570
v 4.830130 0.153590 -3.118292
v 3.886423 0.556056 -3.137575
v 3.876924 0.556054 -3.138805
v 3.876924 0.619768 -3.138805
v 3.886423 0.619766 -3.137575
v 3.886368 0.626560 -3.143411
v 3.876744 0.626560 -3.144983
v 3.876924 0.556054 -3.516933
v 3.886423 0.556056 -3.518163
v 3.876744 0.626560 -3.510755
v 3.886374 0.626560 -3.512320
v 3.886423 0.619766 -3.518163
v 3.876924 0.619768 -3.516933
v 4.767409 0.153205 -3.537446
v 4.760725 0.152385 -3.530966
v 4.837310 0.154201 -3.531090
v 4.830130 0.153590 -3.537446
v 4.658585 0.421064 -3.118292
v 4.653456 0.416173 -3.124714
v 4.699727 0.366173 -3.124727
v 4.705303 0.371351 -3.118292
v 4.749111 0.415080 -3.118292
v 4.754493 0.420881 -3.124699
v 4.708062 0.470693 -3.124676
v 4.703131 0.465617 -3.118292
v 4.438875 0.554259 -3.537446
v 4.438384 0.546667 -3.530998
v 4.429129 0.549262 -3.531032
v 4.429263 0.556110 -3.537446
v 4.429289 0.619748 -3.537446
v 4.429139 0.626560 -3.531021
v 4.438406 0.624113 -3.531045
v 4.438945 0.615932 -3.537446
v 4.429263 0.556110 -3.118292
v 4.429121 0.549262 -3.124717
v 4.438392 0.546661 -3.124754
v 4.438875 0.554259 -3.118292
v 4.658586 0.421065 -3.537446
v 4.705303 0.371351 -3.537446
v 4.699727 0.366173 -3.531011
v 4.653456 0.416173 -3.531024
v 4.708044 0.470703 -3.531036
v 4.754486 0.420903 -3.531067
v 4.749125 0.415121 -3.537446
v 4.703170 0.465628 -3.537446
v 4.429147 0.626560 -3.124709
v 4.429301 0.619766 -3.118292
v 4.438945 0.615932 -3.118292
v 4.438406 0.624113 -3.124693
v 3.613443 0.556113 -3.235554
v 3.607690 0.556113 -3.240354
v 3.607690 0.619709 -3.240354
v 3.613485 0.619658 -3.235547
v 3.614333 0.626560 -3.239666
v 3.607690 0.619658 -3.415357
v 3.614333 0.626560 -3.416072
v 3.613485 0.619658 -3.420192
v 3.607690 0.556113 -3.415385
v 3.613485 0.556164 -3.420192
vt 0.397370 0.001439
vt 0.628744 0.001313
vt 0.396973 0.248410
vt 0.603027 0.248410
vt 0.628833 0.248428
vt 0.871162 0.248426
vt 0.870176 0.250000
vt 0.396973 0.501590
vt 0.396966 0.500000
vt 0.603034 0.500000
vt 0.625000 0.501574
vt 0.375002 0.748739
vt 0.397379 0.748562
vt 0.600590 0.748479
vt 0.624998 0.702322
vt 0.399640 0.047629
vt 0.599926 0.047618
vt 0.397783 0.048922
vt 0.371170 0.048935
vt 0.128838 0.047455
vt 0.628821 0.047674
vt 0.871196 0.047678
vt 0.628807 0.048859
vt 0.399936 0.681169
vt 0.397147 0.679230
vt 0.602969 0.679239
vt 0.125000 0.069185
vt 0.125000 0.049663
vt 0.128830 0.048935
vt 0.128846 0.068790
vt 0.371146 0.068789
vt 0.371168 0.070816
vt 0.871168 0.070810
vt 0.628827 0.070808
vt 0.628818 0.068866
vt 0.875000 0.067815
vt 0.871183 0.068866
vt 0.871177 0.048860
vt 0.875000 0.048528
vt 0.399938 0.068831
vt 0.599532 0.068826
vt 0.603027 0.070757
vt 0.397789 0.701079
vt 0.601652 0.701080
vt 0.600020 0.702378
vt 0.397158 0.250000
vt 0.602679 0.250000
vt 0.625000 0.253924
vt 0.625000 0.494135
vt 0.602679 0.500000
vt 0.397321 0.500000
vt 0.397158 0.494921
vt 0.600556 0.001516
vt 0.397158 0.255079
vt 0.602842 0.255079
vt 0.602679 0.494884
vt 0.399638 0.702371
vt 0.871209 0.001329
vt 0.128865 0.001260
vt 0.371108 0.001269
vt 0.371162 0.047455
vt 0.128825 0.070814
vt 0.603027 0.501590
vt 0.397147 0.070770
vt 0.601551 0.048922
vt 0.599532 0.681174
vt 0.396966 0.250000
vt 0.603034 0.250000
vt 0.625000 0.254027
vt 0.625000 0.494295
vt 0.625799 0.249422
vt 0.631986 0.250000
vt 0.624996 0.748670
vt 0.125000 0.070770
vt 0.625000 0.679190
vt 0.617148 0.680815
vt 0.375001 0.702545
vt 0.375000 0.701472
vt 0.612379 0.701472
vn -0.667625 -0.190428 0.719732
vn -0.667625 -0.190429 0.719732
vn -0.534357 -0.386716 0.751607
vn -0.662246 -0.199850 0.722142
vn 0.643791 0.199880 0.738634
vn 0.643791 0.199880 0.738634
vn 0.527870 0.377893 0.760625
vn 0.640237 0.206253 0.739971
vn -0.337831 0.000054 0.941207
vn -0.037117 0.000010 0.999311
vn -0.037116 0.000010 0.999311
vn -0.337824 0.000054 0.941209
vn -0.270434 0.589422 0.761214
vn -0.272356 0.588477 0.761260
vn -0.519449 0.703969 0.484355
vn -0.280327 0.585187 0.760903
vn -0.027532 0.669031 0.742725
vn -0.027320 0.669055 0.742711
vn -0.017888 0.668883 0.743152
vn -0.025015 0.669171 0.742688
vn 0.000000 1.000000 0.000000
vn 0.000000 1.000000 0.000000
vn 0.000000 1.000000 0.000000
vn 0.000000 1.000000 0.000000
vn -0.037116 0.000007 -0.999311
vn -0.337831 0.000001 -0.941207
vn -0.337832 0.000001 -0.941206
vn -0.037115 0.000007 -0.999311
vn -0.272334 0.588519 -0.761236
vn -0.270408 0.589467 -0.761188
vn -0.280474 0.585186 -0.760849
vn -0.519354 0.703928 -0.484518
vn -0.027301 0.669076 -0.742692
vn -0.027511 0.669052 -0.742706
vn -0.025009 0.669186 -0.742674
vn -0.017913 0.668889 -0.743146
vn -0.666428 -0.190012 -0.720950
vn -0.666428 -0.190012 -0.720950
vn -0.661077 -0.199460 -0.723321
vn -0.533947 -0.386649 -0.751933
vn 0.645859 0.200341 -0.736702
vn 0.645859 0.200341 -0.736702
vn 0.642302 0.206712 -0.738050
vn 0.529313 0.378953 -0.759093
vn 0.000000 -0.000000 1.000000
vn 0.000000 -0.000000 1.000000
vn 0.000000 -0.000000 1.000000
vn 0.000000 0.000000 1.000000
vn -0.443869 -0.494920 0.747017
vn -0.361145 -0.584026 0.726972
vn -0.294974 -0.611765 0.733985
vn -0.355997 -0.588613 0.725810
vn -0.926325 -0.376725 0.000000
vn -0.568284 -0.822832 -0.000000
vn -0.568283 -0.822833 -0.000000
vn -0.926326 -0.376723 0.000000
vn 0.540807 0.841147 0.000001
vn 0.925789 0.378042 0.000001
vn 0.925776 0.378071 0.000001
vn 0.540802 0.841150 0.000001
vn 0.431248 0.496065 0.753621
vn 0.341359 0.589416 0.732163
vn 0.301235 0.608358 0.734273
vn 0.337094 0.593278 0.731019
vn 0.000000 0.000000 -1.000000
vn -0.034434 0.000007 -0.999407
vn -0.035428 0.000007 -0.999372
vn 0.000000 0.000000 -1.000000
vn -0.355753 -0.588248 -0.726226
vn -0.294800 -0.611317 -0.734428
vn -0.360907 -0.583671 -0.727375
vn -0.443791 -0.494751 -0.747175
vn -0.270078 -0.962839 -0.000006
vn -0.510218 -0.860045 -0.000001
vn -0.510218 -0.860045 -0.000001
vn -0.270078 -0.962839 -0.000006
vn 0.487833 0.872937 -0.000000
vn 0.005014 0.999987 -0.000000
vn 0.005011 0.999987 -0.000000
vn 0.487829 0.872939 -0.000000
vn 0.337820 0.594568 -0.729634
vn 0.301355 0.609288 -0.733454
vn 0.342095 0.590718 -0.730769
vn 0.431995 0.497626 -0.752163
vn -0.034435 0.000010 0.999407
vn 0.000000 0.000000 1.000000
vn 0.000000 0.000000 1.000000
vn -0.035428 0.000011 0.999372
vn -0.000000 -0.000000 -1.000000
vn 0.000000 0.000000 -1.000000
vn 0.000000 0.000000 -1.000000
vn -0.000000 -0.000000 -1.000000
vn -0.639472 0.000165 0.768814
vn -0.639472 0.000165 0.768814
vn -0.639472 0.000165 0.768814
vn -0.639472 0.000165 0.768814
vn -0.719661 0.694231 0.011441
vn -0.719699 0.694194 -0.011337
vn -0.639490 0.000167 -0.768800
vn -0.639490 0.000167 -0.768799
vn -0.639490 0.000167 -0.768800
vn -0.639490 0.000167 -0.768800
vn 0.000000 -0.000000 1.000000
vn 0.000000 -0.000000 1.000000
vn -1.000000 0.000000 0.000000
vn -1.000000 0.000000 0.000000
vn -1.000000 0.000000 0.000000
vn -1.000000 0.000000 0.000000
vn -0.000000 -0.000000 -1.000000
vn -0.000000 -0.000000 -1.000000
vn 0.955010 0.296575 0.000001
vn 0.955010 0.296575 0.000001
vn -0.961624 -0.274370 0.000000
vn -0.961624 -0.274370 0.000000
vn -0.344704 0.000056 0.938711
vn -0.344704 0.000056 0.938711
vn 0.000000 1.000000 0.000000
vn 0.000000 1.000000 0.000000
vn -0.344717 0.000001 -0.938706
vn -0.344718 0.000001 -0.938706
vn -0.152708 -0.653620 -0.741257
vn -0.152708 -0.653620 -0.741257
vn -0.152780 -0.654200 0.740730
vn -0.152780 -0.654200 0.740730
s 1
g closed_door hinge top
usemtl initialShadingGroup
f 52/140/135 51/81/136 74/96/137 73/141/138
s 2
f 54/133/139 53/82/140 76/101/141 75/97/142
s 3
f 56/147/143 55/83/144 58/84/145 57/148/146
s 2
f 57/148/147 60/149/148 107/128/149 106/127/150
f 59/85/151 58/84/152 100/122/153 99/114/154
s 5
f 60/152/155 59/85/156 64/86/157 63/87/158
s 6
f 62/88/159 61/89/160 66/90/161 65/143/162
s 2
f 63/150/163 66/90/164 110/130/165 109/129/166
f 65/143/167 64/91/168 84/155/169 83/106/170
s 8
f 67/93/171 68/92/172 93/157/173 92/137/174
s 2
f 69/153/175 70/94/176 97/125/177 96/95/178
s 3
f 71/98/179 74/96/180 75/97/181 78/145/182
s 1
f 72/99/183 71/98/184 90/120/185 89/111/186
s 11
f 73/141/187 72/99/188 94/109/189 93/100/190
s 5
f 77/103/191 76/101/192 96/102/193 95/118/194
s 2
f 78/145/195 77/103/196 102/115/197 101/121/198
s 6
f 79/104/199 82/105/200 83/106/201 86/146/202
s 8
f 80/110/203 79/107/204 91/108/205 94/109/206
s 11
f 81/142/207 80/110/208 89/111/209 88/112/210
s 5
f 85/117/211 84/113/212 99/114/213 102/115/214
s 2
f 86/116/215 85/117/216 95/118/217 98/119/218
s 3
f 87/144/219 90/120/220 101/121/221 100/122/222
s 6
f 92/137/223 91/123/224 98/124/225 97/125/226
s off
f 104/134/227 103/126/228 106/127/229 105/135/230
s 2
f 105/135/231 107/128/149 109/129/166 108/136/232
s off
f 108/136/233 110/130/234 112/131/235 111/132/236
s 3
f 51/81/237 54/133/238 75/97/181 74/96/180
s off
f 104/134/239 105/135/240 108/136/241 111/132/242
s 6
f 92/137/223 97/125/226 70/94/243 67/93/244
s 5
f 53/82/245 69/138/246 96/102/193 76/101/192
s 11
f 68/139/247 52/140/248 73/141/187 93/100/190
s 6
f 62/88/159 65/143/162 83/106/201 82/105/200
s 5
f 99/114/213 84/113/212 64/86/157 59/85/156
s 3
f 87/144/219 100/122/222 58/84/145 55/83/144
s 11
f 94/109/189 72/99/188 89/111/209 80/110/208
s 3
f 71/98/179 78/145/182 101/121/221 90/120/220
s 5
f 77/103/191 95/118/194 85/117/211 102/115/214
s 6
f 79/104/199 86/146/202 98/124/225 91/123/224
s 3
f 56/147/143 57/148/146 106/127/249 103/126/250
s 5
f 60/149/155 63/150/158 109/129/251 107/128/252
s 6
f 66/90/161 61/89/160 112/131/253 110/130/254
s 2
f 57/151/147 58/84/152 59/85/151 60/152/148
f 63/150/163 64/91/168 65/143/167 66/90/164
s 1
f 71/98/184 72/99/183 73/141/138 74/96/137
s 2
f 75/97/142 76/101/141 77/103/196 78/145/195
s 8
f 79/107/204 80/110/203 81/142/255 82/154/256
s 2
f 83/106/170 84/155/169 85/156/216 86/146/215
s 1
f 87/144/257 88/112/258 89/111/186 90/120/185
s 8
f 91/123/205 92/137/174 93/157/173 94/158/206
s 2
f 95/159/217 96/95/178 97/125/177 98/124/218
f 99/114/154 100/122/153 101/121/198 102/115/197
f 105/135/231 106/127/150 107/128/149
f 108/136/232 109/129/166 110/130/165
g default
v 4.825377 0.206908 2.866268
v 4.785280 0.236040 2.866268
v 4.735718 0.236040 2.866268
v 4.695622 0.206908 2.866268
v 4.680307 0.159772 2.866268
v 4.695622 0.112636 2.866268
v 4.735718 0.083504 2.866268
v 4.785280 0.083504 2.866268
v 4.825377 0.112636 2.866268
v 4.840692 0.159772 2.866268
v 4.825377 0.206908 3.676369
v 4.785280 0.236040 3.676369
v 4.735718 0.236040 3.676369
v 4.695622 0.206908 3.676369
v 4.680307 0.159772 3.676369
v 4.695622 0.112636 3.676369
v 4.735718 0.083504 3.676369
v 4.785280 0.083504 3.676369
v 4.825377 0.112636 3.676369
v 4.840692 0.159772 3.676369
v 4.760499 0.159772 2.866268
v 4.760499 0.159772 3.676369
vt 0.626409 0.064409
vt 0.548284 0.007647
vt 0.451716 0.007647
vt 0.373591 0.064409
vt 0.343750 0.156250
vt 0.373591 0.248091
vt 0.451716 0.304853
vt 0.548284 0.304853
vt 0.626409 0.248091
vt 0.656250 0.156250
vt 0.375000 0.312500
vt 0.400000 0.312500
vt 0.425000 0.312500
vt 0.450000 0.312500
vt 0.475000 0.312500
vt 0.500000 0.312500
vt 0.525000 0.312500
vt 0.550000 0.312500
vt 0.575000 0.312500
vt 0.600000 0.312500
vt 0.625000 0.312500
vt 0.375000 0.687500
vt 0.400000 0.687500
vt 0.425000 0.687500
vt 0.450000 0.687500
vt 0.475000 0.687500
vt 0.500000 0.687500
vt 0.525000 0.687500
vt 0.550000 0.687500
vt 0.575000 0.687500
vt 0.600000 0.687500
vt 0.625000 0.687500
vt 0.626409 0.751909
vt 0.548284 0.695147
vt 0.451716 0.695147
vt 0.373591 0.751909
vt 0.343750 0.843750
vt 0.373591 0.935591
vt 0.451716 0.992353
vt 0.548284 0.992353
vt 0.626409 0.935591
vt 0.656250 0.843750
vt 0.500000 0.156250
vt 0.500000 0.843750
vn 0.587785 0.809017 0.000000
vn 0.587785 0.809017 0.000000
vn 0.587785 0.809017 0.000000
vn 0.587785 0.809017 0.000000
vn -0.000000 1.000000 0.000000
vn -0.000000 1.000000 0.000000
vn -0.000000 1.000000 0.000000
vn -0.000000 1.000000 0.000000
vn -0.587785 0.809017 0.000000
vn -0.587785 0.809017 0.000000
vn -0.587785 0.809017 0.000000
vn -0.587785 0.809017 0.000000
vn -0.951056 0.309017 0.000000
vn -0.951056 0.309017 0.000000
vn -0.951056 0.309017 0.000000
vn -0.951056 0.309017 0.000000
vn -0.951056 -0.309017 0.000000
vn -0.951056 -0.309017 0.000000
vn -0.951056 -0.309017 0.000000
vn -0.951056 -0.309017 0.000000
vn -0.587785 -0.809017 0.000000
vn -0.587785 -0.809017 0.000000
vn -0.587785 -0.809017 0.000000
vn -0.587785 -0.809017 0.000000
vn 0.587785 -0.809017 0.000000
vn 0.587785 -0.809017 0.000000
vn 0.587785 -0.809017 0.000000
vn 0.587785 -0.809017 0.000000
vn 0.951056 -0.309017 0.000000
vn 0.951056 -0.309017 0.000000
vn 0.951056 -0.309017 0.000000
vn 0.951056 -0.309017 0.000000
vn 0.951057 0.309017 0.000000
vn 0.951057 0.309017 0.000000
vn 0.951057 0.309017 0.000000
vn 0.951057 0.309017 0.000000
vn 0.000000 0.000000 -1.000000
vn 0.000000 0.000000 -1.000000
vn 0.000000 -0.000000 -1.000000
vn 0.000000 -0.000000 -1.000000
vn 0.000000 0.000001 -1.000000
vn 0.000000 0.000000 -1.000000
vn 0.000000 -0.000001 -1.000000
vn 0.000000 -0.000000 -1.000000
vn 0.000000 -0.000000 -1.000000
vn 0.000000 -0.000000 -1.000000
vn 0.000000 -0.000000 -1.000000
vn 0.000000 0.000000 1.000000
vn 0.000000 0.000000 1.000000
vn 0.000000 0.000000 1.000000
vn 0.000000 0.000000 1.000000
vn 0.000000 0.000000 1.000000
vn 0.000000 0.000000 1.000000
vn 0.000000 -0.000000 1.000000
vn 0.000000 -0.000000 1.000000
vn 0.000000 0.000000 1.000000
vn 0.000000 0.000000 1.000000
vn 0.000000 0.000000 1.000000
s off
g closed_door cylinder hinge1
usemtl initialShadingGroup
f 113/170/259 114/171/260 124/182/261 123/181/262
f 114/171/263 115/172/264 125/183/265 124/182/266
f 115/172/267 116/173/268 126/184/269 125/183/270
f 116/173/271 117/174/272 127/185/273 126/184/274
f 117/174/275 118/175/276 128/186/277 127/185/278
f 118/175/279 119/176/280 129/187/281 128/186/282
f 120/177/283 121/178/284 131/189/285 130/188/286
f 121/178/287 122/179/288 132/190/289 131/189/290
f 122/179/291 113/180/292 123/191/293 132/190/294
s 1
f 114/161/295 113/160/296 133/202/297
f 115/162/298 114/161/295 133/202/297
f 116/163/299 115/162/298 133/202/297
f 117/164/300 116/163/299 133/202/297
f 118/165/301 117/164/300 133/202/297
f 119/166/302 118/165/301 133/202/297
f 120/167/303 119/166/302 133/202/297
f 121/168/304 120/167/303 133/202/297
f 122/169/305 121/168/304 133/202/297
f 113/160/296 122/169/305 133/202/297
s 2
f 123/200/306 124/199/307 134/203/308
f 124/199/307 125/198/309 134/203/308
f 125/198/309 126/197/310 134/203/308
f 126/197/310 127/196/311 134/203/308
f 127/196/311 128/195/312 134/203/308
f 128/195/312 129/194/313 134/203/308
f 129/194/313 130/193/314 134/203/308
f 130/193/314 131/192/315 134/203/308
f 131/192/315 132/201/316 134/203/308
f 132/201/316 123/200/306 134/203/308
g default
v 4.426392 0.085634 3.674775
v 4.771845 0.085634 3.674775
v 4.426392 0.194567 3.674775
v 4.771845 0.194567 3.674775
v 4.426392 0.194567 2.868423
v 4.771845 0.194567 2.868423
v 4.426392 0.085634 2.868423
v 4.771845 0.085634 2.868423
vt 0.375000 0.000000
vt 0.625000 0.000000
vt 0.375000 0.250000
vt 0.625000 0.250000
vt 0.375000 0.500000
vt 0.625000 0.500000
vt 0.375000 0.750000
vt 0.625000 0.750000
vn 0.000000 0.000000 1.000000
vn 0.000000 0.000000 1.000000
vn 0.000000 0.000000 1.000000
vn 0.000000 0.000000 1.000000
vn 0.000000 1.000000 0.000000
vn 0.000000 1.000000 0.000000
vn 0.000000 1.000000 0.000000
vn 0.000000 1.000000 0.000000
vn 0.000000 0.000000 -1.000000
vn 0.000000 0.000000 -1.000000
vn 0.000000 0.000000 -1.000000
vn 0.000000 0.000000 -1.000000
s off
g closed_door hinge1 bottom
usemtl initialShadingGroup
f 135/204/317 136/205/318 138/207/319 137/206/320
f 137/206/321 138/207/322 140/209/323 139/208/324
f 139/208/325 140/209/326 142/211/327 141/210/328
g default
v 4.767409 0.153205 3.456037
v 4.760713 0.152426 3.449512
v 4.837339 0.154106 3.449759
v 4.830130 0.153590 3.456037
v 3.886423 0.556056 3.436754
v 3.876924 0.556054 3.435524
v 3.876924 0.619768 3.435524
v 3.886423 0.619766 3.436754
v 3.886368 0.626560 3.430918
v 3.876744 0.626560 3.429346
v 3.876924 0.556054 3.057396
v 3.886423 0.556056 3.056166
v 3.876744 0.626560 3.063574
v 3.886374 0.626560 3.062009
v 3.886423 0.619766 3.056166
v 3.876924 0.619768 3.057396
v 4.767409 0.153205 3.036883
v 4.760725 0.152385 3.043363
v 4.837310 0.154201 3.043239
v 4.830130 0.153590 3.036883
v 4.658585 0.421064 3.456037
v 4.653456 0.416173 3.449615
v 4.699727 0.366173 3.449602
v 4.705303 0.371351 3.456037
v 4.749111 0.415080 3.456037
v 4.754493 0.420881 3.449630
v 4.708062 0.470693 3.449653
v 4.703131 0.465617 3.456037
v 4.438875 0.554259 3.036883
v 4.438384 0.546667 3.043331
v 4.429129 0.549262 3.043297
v 4.429263 0.556110 3.036883
v 4.429289 0.619748 3.036883
v 4.429139 0.626560 3.043308
v 4.438406 0.624113 3.043284
v 4.438945 0.615932 3.036883
v 4.429263 0.556110 3.456037
v 4.429121 0.549262 3.449612
v 4.438392 0.546661 3.449575
v 4.438875 0.554259 3.456037
v 4.658586 0.421065 3.036883
v 4.705303 0.371351 3.036883
v 4.699727 0.366173 3.043318
v 4.653456 0.416173 3.043305
v 4.708044 0.470703 3.043293
v 4.754486 0.420903 3.043262
v 4.749125 0.415121 3.036883
v 4.703170 0.465628 3.036883
v 4.429147 0.626560 3.449621
v 4.429301 0.619766 3.456037
v 4.438945 0.615932 3.456037
v 4.438406 0.624113 3.449636
v 3.613443 0.556113 3.338775
v 3.607690 0.556113 3.333976
v 3.607690 0.619709 3.333976
v 3.613485 0.619658 3.338782
v 3.614333 0.626560 3.334663
v 3.607690 0.619658 3.158972
v 3.614333 0.626560 3.158257
v 3.613485 0.619658 3.154137
v 3.607690 0.556113 3.158944
v 3.613485 0.556164 3.154137
vt 0.397370 0.001439
vt 0.628744 0.001313
vt 0.396973 0.248410
vt 0.603027 0.248410
vt 0.628833 0.248428
vt 0.871162 0.248426
vt 0.870176 0.250000
vt 0.396973 0.501590
vt 0.396966 0.500000
vt 0.603034 0.500000
vt 0.625000 0.501574
vt 0.375002 0.748739
vt 0.397379 0.748562
vt 0.600590 0.748479
vt 0.624998 0.702322
vt 0.399640 0.047629
vt 0.599926 0.047618
vt 0.397783 0.048922
vt 0.371170 0.048935
vt 0.128838 0.047455
vt 0.628821 0.047674
vt 0.871196 0.047678
vt 0.628807 0.048859
vt 0.399936 0.681169
vt 0.397147 0.679230
vt 0.602969 0.679239
vt 0.125000 0.069185
vt 0.125000 0.049663
vt 0.128830 0.048935
vt 0.128846 0.068790
vt 0.371146 0.068789
vt 0.371168 0.070816
vt 0.871168 0.070810
vt 0.628827 0.070808
vt 0.628818 0.068866
vt 0.875000 0.067815
vt 0.871183 0.068866
vt 0.871177 0.048860
vt 0.875000 0.048528
vt 0.399938 0.068831
vt 0.599532 0.068826
vt 0.603027 0.070757
vt 0.397789 0.701079
vt 0.601652 0.701080
vt 0.600020 0.702378
vt 0.397158 0.250000
vt 0.602679 0.250000
vt 0.625000 0.253924
vt 0.625000 0.494135
vt 0.602679 0.500000
vt 0.397321 0.500000
vt 0.397158 0.494921
vt 0.600556 0.001516
vt 0.397158 0.255079
vt 0.602842 0.255079
vt 0.602679 0.494884
vt 0.399638 0.702371
vt 0.871209 0.001329
vt 0.128865 0.001260
vt 0.371108 0.001269
vt 0.371162 0.047455
vt 0.128825 0.070814
vt 0.603027 0.501590
vt 0.397147 0.070770
vt 0.601551 0.048922
vt 0.599532 0.681174
vt 0.396966 0.250000
vt 0.603034 0.250000
vt 0.625000 0.254027
vt 0.625000 0.494295
vt 0.625799 0.249422
vt 0.631986 0.250000
vt 0.624996 0.748670
vt 0.125000 0.070770
vt 0.625000 0.679190
vt 0.617148 0.680815
vt 0.375001 0.702545
vt 0.375000 0.701472
vt 0.612379 0.701472
vn -0.667625 -0.190428 0.719732
vn -0.667625 -0.190429 0.719732
vn -0.534357 -0.386716 0.751607
vn -0.662246 -0.199850 0.722142
vn 0.643791 0.199880 0.738634
vn 0.643791 0.199880 0.738634
vn 0.527870 0.377893 0.760625
vn 0.640237 0.206253 0.739971
vn -0.337831 0.000054 0.941207
vn -0.037117 0.000010 0.999311
vn -0.037116 0.000010 0.999311
vn -0.337824 0.000054 0.941209
vn -0.270434 0.589422 0.761214
vn -0.272356 0.588477 0.761260
vn -0.519449 0.703969 0.484355
vn -0.280327 0.585187 0.760903
vn -0.027532 0.669031 0.742725
vn -0.027320 0.669055 0.742711
vn -0.017888 0.668883 0.743152
vn -0.025015 0.669171 0.742688
vn 0.000000 1.000000 0.000000
vn 0.000000 1.000000 0.000000
vn 0.000000 1.000000 0.000000
vn 0.000000 1.000000 0.000000
vn -0.037116 0.000007 -0.999311
vn -0.337831 0.000001 -0.941207
vn -0.337832 0.000001 -0.941206
vn -0.037115 0.000007 -0.999311
vn -0.272334 0.588519 -0.761236
vn -0.270408 0.589467 -0.761188
vn -0.280474 0.585186 -0.760849
vn -0.519354 0.703928 -0.484518
vn -0.027301 0.669076 -0.742692
vn -0.027511 0.669052 -0.742706
vn -0.025009 0.669186 -0.742674
vn -0.017913 0.668889 -0.743146
vn -0.666428 -0.190012 -0.720950
vn -0.666428 -0.190012 -0.720950
vn -0.661077 -0.199460 -0.723321
vn -0.533947 -0.386649 -0.751933
vn 0.645859 0.200341 -0.736702
vn 0.645859 0.200341 -0.736702
vn 0.642302 0.206712 -0.738050
vn 0.529313 0.378953 -0.759093
vn 0.000000 -0.000000 1.000000
vn 0.000000 -0.000000 1.000000
vn 0.000000 -0.000000 1.000000
vn 0.000000 0.000000 1.000000
vn -0.443869 -0.494920 0.747017
vn -0.361145 -0.584026 0.726972
vn -0.294974 -0.611765 0.733985
vn -0.355997 -0.588613 0.725810
vn -0.926325 -0.376725 0.000000
vn -0.568284 -0.822832 -0.000000
vn -0.568283 -0.822833 -0.000000
vn -0.926326 -0.376723 0.000000
vn 0.540807 0.841147 0.000001
vn 0.925789 0.378042 0.000001
vn 0.925776 0.378071 0.000001
vn 0.540802 0.841150 0.000001
vn 0.431248 0.496065 0.753621
vn 0.341359 0.589416 0.732163
vn 0.301235 0.608358 0.734273
vn 0.337094 0.593278 0.731019
vn 0.000000 0.000000 -1.000000
vn -0.034434 0.000007 -0.999407
vn -0.035428 0.000007 -0.999372
vn 0.000000 0.000000 -1.000000
vn -0.355753 -0.588248 -0.726226
vn -0.294800 -0.611317 -0.734428
vn -0.360907 -0.583671 -0.727375
vn -0.443791 -0.494751 -0.747175
vn -0.270078 -0.962839 -0.000006
vn -0.510218 -0.860045 -0.000001
vn -0.510218 -0.860045 -0.000001
vn -0.270078 -0.962839 -0.000006
vn 0.487833 0.872937 -0.000000
vn 0.005014 0.999987 -0.000000
vn 0.005011 0.999987 -0.000000
vn 0.487829 0.872939 -0.000000
vn 0.337820 0.594568 -0.729634
vn 0.301355 0.609288 -0.733454
vn 0.342095 0.590718 -0.730769
vn 0.431995 0.497626 -0.752163
vn -0.034435 0.000010 0.999407
vn 0.000000 0.000000 1.000000
vn 0.000000 0.000000 1.000000
vn -0.035428 0.000011 0.999372
vn -0.000000 -0.000000 -1.000000
vn 0.000000 0.000000 -1.000000
vn 0.000000 0.000000 -1.000000
vn -0.000000 -0.000000 -1.000000
vn -0.639472 0.000165 0.768814
vn -0.639472 0.000165 0.768814
vn -0.639472 0.000165 0.768814
vn -0.639472 0.000165 0.768814
vn -0.719661 0.694231 0.011441
vn -0.719699 0.694194 -0.011337
vn -0.639490 0.000167 -0.768800
vn -0.639490 0.000167 -0.768799
vn -0.639490 0.000167 -0.768800
vn -0.639490 0.000167 -0.768800
vn 0.000000 -0.000000 1.000000
vn 0.000000 -0.000000 1.000000
vn -1.000000 0.000000 0.000000
vn -1.000000 0.000000 0.000000
vn -1.000000 0.000000 0.000000
vn -1.000000 0.000000 0.000000
vn -0.000000 -0.000000 -1.000000
vn -0.000000 -0.000000 -1.000000
vn 0.955010 0.296575 0.000001
vn 0.955010 0.296575 0.000001
vn -0.961624 -0.274370 0.000000
vn -0.961624 -0.274370 0.000000
vn -0.344704 0.000056 0.938711
vn -0.344704 0.000056 0.938711
vn 0.000000 1.000000 0.000000
vn 0.000000 1.000000 0.000000
vn -0.344717 0.000001 -0.938706
vn -0.344718 0.000001 -0.938706
vn -0.152708 -0.653620 -0.741257
vn -0.152708 -0.653620 -0.741257
vn -0.152780 -0.654200 0.740730
vn -0.152780 -0.654200 0.740730
s 1
g closed_door hinge1 top
usemtl initialShadingGroup
f 144/271/329 143/212/330 166/227/331 165/272/332
s 2
f 146/264/333 145/213/334 168/232/335 167/228/336
s 3
f 148/278/337 147/214/338 150/215/339 149/279/340
s 2
f 149/279/341 152/280/342 199/259/343 198/258/344
f 151/216/345 150/215/346 192/253/347 191/245/348
s 5
f 152/283/349 151/216/350 156/217/351 155/218/352
s 6
f 154/219/353 153/220/354 158/221/355 157/274/356
s 2
f 155/281/357 158/221/358 202/261/359 201/260/360
f 157/274/361 156/222/362 176/286/363 175/237/364
s 8
f 159/224/365 160/223/366 185/288/367 184/268/368
s 2
f 161/284/369 162/225/370 189/256/371 188/226/372
s 3
f 163/229/373 166/227/374 167/228/375 170/276/376
s 1
f 164/230/377 163/229/378 182/251/379 181/242/380
s 11
f 165/272/381 164/230/382 186/240/383 185/231/384
s 5
f 169/234/385 168/232/386 188/233/387 187/249/388
s 2
f 170/276/389 169/234/390 194/246/391 193/252/392
s 6
f 171/235/393 174/236/394 175/237/395 178/277/396
s 8
f 172/241/397 171/238/398 183/239/399 186/240/400
s 11
f 173/273/401 172/241/402 181/242/403 180/243/404
s 5
f 177/248/405 176/244/406 191/245/407 194/246/408
s 2
f 178/247/409 177/248/410 187/249/411 190/250/412
s 3
f 179/275/413 182/251/414 193/252/415 192/253/416
s 6
f 184/268/417 183/254/418 190/255/419 189/256/420
s off
f 196/265/421 195/257/422 198/258/423 197/266/424
s 2
f 197/266/425 199/259/343 201/260/360 200/267/426
s off
f 200/267/427 202/261/428 204/262/429 203/263/430
s 3
f 143/212/431 146/264/432 167/228/375 166/227/374
s off
f 196/265/433 197/266/434 200/267/435 203/263/436
s 6
f 184/268/417 189/256/420 162/225/437 159/224/438
s 5
f 145/213/439 161/269/440 188/233/387 168/232/386
s 11
f 160/270/441 144/271/442 165/272/381 185/231/384
s 6
f 154/219/353 157/274/356 175/237/395 174/236/394
s 5
f 191/245/407 176/244/406 156/217/351 151/216/350
s 3
f 179/275/413 192/253/416 150/215/339 147/214/338
s 11
f 186/240/383 164/230/382 181/242/403 172/241/402
s 3
f 163/229/373 170/276/376 193/252/415 182/251/414
s 5
f 169/234/385 187/249/388 177/248/405 194/246/408
s 6
f 171/235/393 178/277/396 190/255/419 183/254/418
s 3
f 148/278/337 149/279/340 198/258/443 195/257/444
s 5
f 152/280/349 155/281/352 201/260/445 199/259/446
s 6
f 158/221/355 153/220/354 204/262/447 202/261/448
s 2
f 149/282/341 150/215/346 151/216/345 152/283/342
f 155/281/357 156/222/362 157/274/361 158/221/358
s 1
f 163/229/378 164/230/377 165/272/332 166/227/331
s 2
f 167/228/336 168/232/335 169/234/390 170/276/389
s 8
f 171/238/398 172/241/397 173/273/449 174/285/450
s 2
f 175/237/364 176/286/363 177/287/410 178/277/409
s 1
f 179/275/451 180/243/452 181/242/380 182/251/379
s 8
f 183/254/399 184/268/368 185/288/367 186/289/400
s 2
f 187/290/411 188/226/372 189/256/371 190/255/412
f 191/245/348 192/253/347 193/252/392 194/246/391
f 197/266/425 198/258/344 199/259/343
f 200/267/426 201/260/360 202/261/359
g default
v -7.918064 0.081273 0.500000
v -7.941403 0.081273 0.476662
v -7.175346 0.081273 0.500000
v -7.941403 0.190200 0.476662
v -7.918064 0.190200 0.500000
v -7.918064 0.213538 0.476662
v -7.175346 0.213538 0.476662
v -7.175346 0.190200 0.500000
v -7.941403 0.190200 -0.476662
v -7.918064 0.213538 -0.476662
v -7.918064 0.190200 -0.500000
v -7.175346 0.190200 -0.500000
v -7.175346 0.213538 -0.476662
v -7.941403 0.081273 -0.476662
v -7.918064 0.081273 -0.500000
v -7.175346 0.081273 -0.500000
vt 0.380835 0.037496
vt 0.375000 0.255835
vt 0.375000 0.494165
vt 0.380835 0.212504
vt 0.619166 0.212504
vt 0.375000 0.537496
vt 0.375000 0.712504
vt 0.380835 0.494165
vt 0.619166 0.494165
vt 0.380835 0.712504
vt 0.619166 0.712504
vt 0.619166 0.037496
vt 0.380835 0.255835
vt 0.619166 0.255835
vt 0.380835 0.537496
vt 0.619166 0.537496
vt 0.130835 0.037496
vt 0.369165 0.037496
vt 0.369165 0.212504
vt 0.130835 0.212504
vn -0.707103 0.000000 0.707110
vn -0.707103 0.000000 0.707110
vn -0.707103 0.000000 0.707110
vn -0.707103 0.000000 0.707110
vn -0.707103 0.707111 0.000000
vn -0.707103 0.707111 0.000000
vn -0.707103 0.707111 0.000000
vn -0.707103 0.707111 0.000000
vn 0.000000 0.707107 0.707107
vn 0.000000 0.707107 0.707107
vn 0.000000 0.707107 0.707107
vn 0.000000 0.707107 0.707107
vn -0.707103 0.000000 -0.707110
vn -0.707103 0.000000 -0.707110
vn -0.707103 0.000000 -0.707110
vn -0.707103 0.000000 -0.707110
vn 0.000000 0.707107 -0.707107
vn 0.000000 0.707107 -0.707107
vn 0.000000 0.707107 -0.707107
vn 0.000000 0.707107 -0.707107
vn 0.000000 0.000000 1.000000
vn 0.000000 0.000000 1.000000
vn 0.000000 0.000000 1.000000
vn 0.000000 0.000000 1.000000
vn 0.000000 1.000000 0.000000
vn 0.000000 1.000000 0.000000
vn 0.000000 1.000000 0.000000
vn 0.000000 1.000000 0.000000
vn 0.000000 0.000000 -1.000000
vn 0.000000 0.000000 -1.000000
vn 0.000000 0.000000 -1.000000
vn 0.000000 0.000000 -1.000000
vn -1.000000 0.000000 0.000000
vn -1.000000 0.000000 0.000000
vn -1.000000 0.000000 0.000000
vn -1.000000 0.000000 0.000000
vn -0.577345 0.577354 0.577352
vn -0.577345 0.577354 0.577352
vn -0.577345 0.577354 0.577352
vn -0.577345 0.577354 -0.577352
vn -0.577345 0.577354 -0.577352
vn -0.577345 0.577354 -0.577352
s off
g closed_door base lock
usemtl initialShadingGroup
f 206/308/453 205/291/454 209/294/455 208/309/456
f 208/292/457 210/303/458 214/298/459 213/293/460
f 210/303/461 209/294/462 212/295/463 211/304/464
f 213/296/465 215/305/466 219/300/467 218/297/468
f 215/305/469 214/298/470 217/299/471 216/306/472
f 205/291/473 207/302/474 212/295/475 209/294/476
f 210/303/477 211/304/478 217/299/479 214/298/480
f 215/305/481 216/306/482 220/301/483 219/300/484
f 218/307/485 206/308/486 208/309/487 213/310/488
f 208/309/489 209/294/490 210/303/491
f 213/293/492 214/298/493 215/305/494
g default
v -7.942891 0.992376 0.210564
v -7.934655 1.000688 0.218687
v -7.934804 1.008501 0.211023
v -7.942902 1.000385 0.201876
v -7.834112 1.000450 0.201272
v -7.842445 1.008501 0.210898
v -7.842310 1.000848 0.218687
v -7.834152 0.993023 0.210612
v -7.942911 1.000390 -0.201647
v -7.934659 1.008501 -0.210874
v -7.934802 1.000835 -0.218683
v -7.942891 0.992588 -0.210560
v -7.834152 0.993024 -0.210613
v -7.842454 1.000704 -0.218687
v -7.842303 1.008501 -0.211041
v -7.834111 1.000450 -0.201273
v -7.936769 0.163217 0.218687
v -7.942797 0.257717 0.212997
v -7.942468 0.163217 0.212987
v -7.834656 0.163217 0.212956
v -7.834313 0.271840 0.212998
v -7.840356 0.163217 0.218687
v -7.942468 0.163217 -0.212939
v -7.942796 0.257725 -0.212990
v -7.936769 0.163217 -0.218680
v -7.840356 0.163217 -0.218687
v -7.834312 0.271838 -0.212998
v -7.834656 0.163217 -0.212987
v -7.838705 0.721905 -0.151748
v -7.831156 0.713687 -0.155295
v -7.831528 0.721562 -0.167016
v -7.839064 0.729964 -0.159374
v -7.839074 0.729963 0.159375
v -7.831544 0.721569 0.167142
v -7.831168 0.713397 0.155111
v -7.838714 0.721905 0.151748
v -7.838780 0.945739 -0.159358
v -7.831498 0.953952 -0.168102
v -7.831535 0.962423 -0.160224
v -7.838784 0.953594 -0.151493
v -7.838783 0.953565 0.151558
v -7.831538 0.962336 0.160207
v -7.831512 0.953972 0.168196
v -7.838806 0.945691 0.159410
v -7.946368 0.723393 -0.145197
v -7.938371 0.731194 -0.142530
v -7.938072 0.739575 -0.150671
v -7.946003 0.732392 -0.157313
v -7.946011 0.732379 0.157317
v -7.938086 0.739569 0.150702
v -7.938558 0.731210 0.142695
v -7.946377 0.723393 0.145198
v -7.945612 0.943109 -0.158648
v -7.937842 0.935225 -0.150513
v -7.937858 0.943517 -0.142227
v -7.945576 0.951574 -0.150701
v -7.945537 0.951153 0.151402
v -7.937734 0.943139 0.142873
v -7.937892 0.934900 0.151193
v -7.945569 0.942715 0.159379
vt 0.369707 0.245116
vt 0.393116 0.247689
vt 0.360788 0.248454
vt 0.138261 0.250000
vt 0.642412 0.250000
vt 0.631789 0.250000
vt 0.861463 0.250000
vt 0.607252 0.247736
vt 0.164241 0.228398
vt 0.393106 0.495534
vt 0.607269 0.495629
vt 0.392776 0.502265
vt 0.375000 0.721378
vt 0.875000 0.241401
vt 0.870031 0.250000
vt 0.625000 0.505720
vt 0.371742 0.000000
vt 0.371308 0.028181
vt 0.172453 0.168305
vt 0.871742 0.000000
vt 0.875000 0.016109
vt 0.868615 0.000000
vt 0.628306 0.000000
vt 0.875000 0.019652
vt 0.875000 0.241571
vt 0.630981 0.000000
vt 0.625000 0.009538
vt 0.625000 0.241500
vt 0.870120 0.250000
vt 0.631610 0.250000
vt 0.625000 0.241561
vt 0.625000 0.241199
vt 0.871037 0.000000
vt 0.628953 0.000000
vt 0.631202 0.000000
vt 0.875000 0.000551
vt 0.875000 0.009974
vt 0.875000 0.241094
vt 0.875000 0.248935
vt 0.335183 0.170833
vt 0.336199 0.228292
vt 0.335058 0.226312
vt 0.875000 0.250000
vt 0.868536 0.250000
vt 0.631955 0.250000
vt 0.625000 0.250000
vt 0.388216 -0.000000
vt 0.606918 0.502306
vt 0.611782 0.750000
vt 0.628276 0.000000
vt 0.870652 0.000000
vt 0.625000 0.241401
vt 0.625000 0.016109
vt 0.625000 0.020010
vt 0.868229 0.000000
vt 0.875000 0.009518
vt 0.875000 0.241578
vt 0.868858 0.250000
vt 0.631537 0.250000
vt 0.625000 0.009987
vt 0.135436 0.247251
vt 0.168747 0.230709
vt 0.365016 0.247253
vt 0.606939 0.254452
vt 0.130308 0.245173
vt 0.128733 0.028172
vt 0.165211 0.170718
vt 0.128286 0.000000
vt 0.327767 0.168434
vt 0.392771 0.254381
vt 0.375000 0.246606
vt 0.375000 0.502387
vt 0.375000 0.504685
vt 0.625000 0.503625
vt 0.375000 0.000000
vt 0.625000 0.000000
vt 0.611782 -0.000000
vt 0.375000 0.750004
vt 0.388216 0.750004
vt 0.625000 0.717977
vt 0.625000 0.750000
vt 0.875000 0.000000
vt 0.335746 0.172925
vt 0.330546 0.170779
vt 0.875000 0.249019
vt 0.331962 0.230583
vt 0.330401 0.227568
vn -0.998442 0.001100 0.055792
vn -0.998773 0.049304 0.004582
vn -0.998567 0.053505 0.000550
vn -0.998454 0.001292 0.055572
vn -0.689411 0.002007 0.724367
vn -0.689411 0.002007 0.724367
vn -0.689558 0.001970 0.724228
vn -0.691170 0.001563 0.722691
vn -0.000133 0.706782 0.707432
vn -0.000133 0.706782 0.707432
vn -0.000133 0.706782 0.707432
vn -0.000133 0.706782 0.707432
vn -0.709830 0.704303 0.009940
vn -0.714194 0.699709 0.018277
vn -0.713186 0.700779 -0.016554
vn -0.709602 0.704535 -0.009729
vn 0.998100 0.061345 0.005697
vn 0.998201 0.000661 0.059947
vn 0.998219 0.001002 0.059651
vn 0.997760 0.066897 0.000556
vn 0.706694 0.707327 0.016527
vn 0.702913 0.711214 0.009389
vn 0.703002 0.711127 -0.009322
vn 0.707634 0.706348 -0.018093
vn 0.689005 0.001902 0.724754
vn 0.689005 0.001902 0.724754
vn 0.691638 0.001328 0.722244
vn 0.689172 0.001865 0.724595
vn -0.998775 0.049282 -0.004539
vn -0.998446 0.001074 -0.055722
vn -0.998460 0.001301 -0.055467
vn -0.998567 0.053515 -0.000352
vn -0.000155 0.706908 -0.707305
vn -0.000155 0.706908 -0.707305
vn -0.000155 0.706908 -0.707305
vn -0.000155 0.706908 -0.707305
vn -0.693308 0.001938 -0.720639
vn -0.693308 0.001938 -0.720639
vn -0.694953 0.001465 -0.719054
vn -0.693445 0.001899 -0.720508
vn 0.998190 0.000664 -0.060135
vn 0.998099 0.061373 -0.005684
vn 0.997760 0.066893 -0.000536
vn 0.998207 0.001002 -0.059842
vn 0.685074 0.001966 -0.728471
vn 0.685074 0.001966 -0.728471
vn 0.685256 0.001932 -0.728300
vn 0.687940 0.001417 -0.725766
vn -0.999976 -0.006950 0.000154
vn -0.999326 -0.002389 0.036636
vn -0.998556 -0.000011 0.053725
vn -0.999976 -0.006862 0.000874
vn 0.999313 -0.002447 0.036979
vn 0.999980 -0.006334 0.000152
vn 0.999980 -0.006255 0.000893
vn 0.998372 -0.000471 0.057032
vn -0.999328 -0.002386 -0.036572
vn -0.999976 -0.006950 -0.000177
vn -0.999976 -0.006862 -0.000896
vn -0.998560 -0.000020 -0.053639
vn 0.999980 -0.006335 -0.000124
vn 0.999299 -0.002434 -0.037358
vn 0.998358 -0.000464 -0.057283
vn 0.999980 -0.006257 -0.000862
vn 0.129845 0.686555 0.715390
vn 0.129845 0.686555 0.715390
vn 0.129845 0.686555 0.715390
vn 0.129845 0.686555 0.715390
vn 0.747623 0.663912 0.016774
vn 0.747474 0.664091 0.016301
vn 0.747767 0.663767 -0.016042
vn 0.747839 0.663681 -0.016263
vn 0.741688 0.001084 0.670744
vn 0.741688 0.001084 0.670744
vn 0.753437 -0.019941 0.657217
vn 0.754157 -0.021262 0.656350
vn 0.129045 0.683357 -0.718589
vn 0.129045 0.683357 -0.718589
vn 0.129045 0.683357 -0.718589
vn 0.129045 0.683357 -0.718589
vn 0.744963 0.001123 -0.667105
vn 0.744963 0.001123 -0.667105
vn 0.757107 -0.021170 -0.652948
vn 0.756500 -0.020027 -0.653687
vn 0.136822 -0.700463 0.700451
vn 0.136821 -0.700463 0.700451
vn 0.136821 -0.700463 0.700451
vn 0.136822 -0.700463 0.700451
vn 0.777549 -0.628707 0.012015
vn 0.781871 -0.623064 0.021629
vn 0.781726 -0.623248 -0.021602
vn 0.777547 -0.628705 -0.012281
vn 0.134905 -0.702706 -0.698573
vn 0.134905 -0.702706 -0.698573
vn 0.134905 -0.702706 -0.698573
vn 0.134905 -0.702706 -0.698573
vn -0.707909 0.706016 0.020155
vn -0.707805 0.706132 0.019739
vn -0.707753 0.706186 -0.019678
vn -0.708107 0.705791 -0.021064
vn -0.685285 0.003158 0.728268
vn -0.685285 0.003158 0.728268
vn -0.685285 0.003158 0.728268
vn -0.685285 0.003158 0.728268
vn -0.688115 0.005646 -0.725580
vn -0.688115 0.005646 -0.725580
vn -0.688115 0.005646 -0.725580
vn -0.688115 0.005646 -0.725580
vn -0.719319 -0.694680 -0.000746
vn -0.719319 -0.694680 -0.000746
vn -0.719319 -0.694680 -0.000746
vn -0.719319 -0.694680 -0.000746
vn -0.000000 0.000000 1.000000
vn -0.000000 0.000000 1.000000
vn -0.000000 0.000000 1.000000
vn -0.000000 0.000000 1.000000
vn -0.000056 -0.000001 -1.000000
vn -0.000056 -0.000001 -1.000000
vn -0.000056 -0.000001 -1.000000
vn -0.000056 -0.000001 -1.000000
vn 0.092799 0.995685 0.000003
vn 0.092799 0.995685 0.000003
vn 0.092799 0.995685 0.000003
vn 0.092799 0.995685 0.000003
vn 0.088254 -0.000529 0.996098
vn 0.088254 -0.000529 0.996098
vn 0.088254 -0.000529 0.996098
vn 0.088254 -0.000529 0.996098
vn 0.102983 -0.994683 -0.000712
vn 0.102983 -0.994683 -0.000712
vn 0.102983 -0.994683 -0.000712
vn 0.102983 -0.994683 -0.000712
vn 0.084946 0.001179 -0.996385
vn 0.084946 0.001179 -0.996385
vn 0.084946 0.001179 -0.996385
vn 0.084946 0.001179 -0.996385
vn 0.000000 1.000000 -0.000000
vn 0.000000 1.000000 -0.000000
vn 0.000000 1.000000 -0.000000
vn 0.000000 1.000000 -0.000000
vn -0.824779 0.402308 0.397350
vn -0.824779 0.402308 0.397350
vn 0.819682 0.432178 0.375956
vn 0.819682 0.432178 0.375956
vn -0.824119 0.418802 -0.381356
vn -0.824119 0.418802 -0.381356
vn 0.820299 0.421281 -0.386823
vn 0.820299 0.421281 -0.386823
vn -0.707181 -0.002533 0.707028
vn 0.709014 -0.002510 0.705190
vn -0.709762 -0.002846 -0.704436
vn 0.707055 -0.002306 -0.707155
vn 0.798378 0.479258 0.364560
vn 0.798378 0.479258 0.364560
vn 0.801249 0.475778 -0.362816
vn 0.801249 0.475778 -0.362816
vn -0.739540 0.522630 0.424191
vn -0.739540 0.522630 0.424191
vn -0.741733 0.523005 -0.419879
vn -0.741733 0.523005 -0.419879
vn -0.829703 -0.387879 0.401426
vn -0.829703 -0.387879 0.401426
vn -0.829703 -0.387879 0.401426
vn -0.829703 -0.387879 0.401426
vn -0.829831 -0.385146 -0.403785
vn -0.829831 -0.385146 -0.403785
vn -0.829831 -0.385146 -0.403785
vn -0.829831 -0.385146 -0.403785
s 1
g closed_door lock exterior
usemtl initialShadingGroup
f 221/311/495 224/373/496 277/396/497 280/351/498
s 2
f 222/312/499 221/311/500 238/328/501 237/357/502
s off
f 223/380/503 222/312/504 227/318/505 226/374/506
s 3
f 224/373/507 223/313/508 230/314/509 229/371/510
s 4
f 225/316/511 228/362/512 263/338/513 262/340/514
s 5
f 226/315/515 225/316/516 236/325/517 235/317/518
s 6
f 228/362/519 227/318/520 242/387/521 241/363/522
s 1
f 229/371/523 232/375/524 273/319/525 276/372/526
s off
f 231/322/527 230/320/528 235/321/529 234/358/530
s 8
f 232/383/531 231/322/532 245/389/533 244/323/534
s 4
f 233/324/535 236/325/536 259/339/537 258/335/538
s 9
f 234/358/539 233/326/540 247/390/541 246/359/542
s 1
f 239/327/543 238/328/544 269/350/545 272/379/546
s 4
f 241/363/547 240/360/548 255/333/549 254/364/550
s 1
f 244/376/551 243/378/552 265/329/553 268/377/554
s 4
f 248/330/555 247/331/556 251/334/557 250/361/558
s off
f 249/332/559 252/366/560 267/347/561 266/365/562
s 11
f 250/361/563 249/332/564 256/336/565 255/333/566
s 12
f 252/366/567 251/334/568 258/335/569 257/367/570
s off
f 253/337/571 256/336/572 271/345/573 270/370/574
s 12
f 254/364/575 253/337/576 264/341/577 263/338/578
s off
f 257/367/579 260/368/580 275/354/581 274/348/582
s 12
f 260/368/583 259/339/584 262/340/585 261/369/586
s off
f 261/369/587 264/341/588 279/342/589 278/355/590
s 14
f 266/365/591 265/343/592 272/344/593 271/345/594
s off
f 268/346/595 267/347/596 274/348/597 273/349/598
f 270/393/599 269/350/600 280/351/601 279/352/602
f 276/353/603 275/354/604 278/355/605 277/356/606
f 222/312/607 237/357/608 242/387/609 227/318/610
f 231/322/611 234/358/612 246/359/613 245/389/614
s 1
f 269/350/545 238/328/544 221/311/495 280/351/498
s 4
f 255/333/549 240/360/548 248/330/555 250/361/558
f 251/334/557 247/331/556 233/324/535 258/335/538
f 236/325/536 225/316/511 262/340/514 259/339/537
f 228/362/512 241/363/547 254/364/550 263/338/513
s off
f 256/336/615 249/332/616 266/365/617 271/345/618
f 252/366/619 257/367/620 274/348/621 267/347/622
f 260/368/623 261/369/624 278/355/625 275/354/626
f 264/341/627 253/337/628 270/370/629 279/342/630
s 1
f 229/371/523 276/372/526 277/396/497 224/373/496
s off
f 223/380/631 226/374/632 235/321/633 230/320/634
s 1
f 232/375/524 244/376/551 268/377/554 273/319/525
f 265/329/553 243/378/552 239/327/543 272/379/546
s 3
f 221/311/635 222/312/636 223/380/508 224/381/507
s 5
f 225/316/516 226/374/515 227/318/637 228/362/638
s 3
f 229/382/510 230/320/509 231/322/639 232/383/640
s 5
f 233/326/641 234/358/642 235/321/518 236/384/517
s 2
f 237/357/502 238/328/501 239/385/643
s 6
f 240/386/644 241/363/522 242/387/521
s 8
f 243/388/645 244/323/534 245/389/533
s 9
f 246/359/542 247/390/541 248/391/646
s 11
f 249/332/564 250/361/563 251/334/647 252/366/648
f 253/337/649 254/364/650 255/333/566 256/336/565
s 12
f 257/367/570 258/335/569 259/339/584 260/368/583
f 261/369/586 262/340/585 263/338/578 264/341/577
s 14
f 265/343/592 266/365/591 267/347/651 268/392/652
f 269/350/653 270/393/654 271/394/594 272/379/593
s off
f 273/349/655 274/348/656 275/354/657 276/395/658
f 277/396/659 278/397/660 279/352/661 280/351/662
g default
v -6.650806 0.992376 0.210564
v -6.642571 1.000688 0.218687
v -6.642720 1.008501 0.211023
v -6.650818 1.000385 0.201876
v -6.542028 1.000450 0.201272
v -6.550360 1.008501 0.210898
v -6.550225 1.000848 0.218687
v -6.542068 0.993023 0.210612
v -6.650827 1.000390 -0.201647
v -6.642575 1.008501 -0.210874
v -6.642717 1.000835 -0.218683
v -6.650807 0.992588 -0.210560
v -6.542068 0.993024 -0.210613
v -6.550369 1.000704 -0.218687
v -6.550218 1.008501 -0.211041
v -6.542027 1.000450 -0.201273
v -6.644685 0.163217 0.218687
v -6.650712 0.257717 0.212997
v -6.650383 0.163217 0.212987
v -6.542571 0.163217 0.212956
v -6.542228 0.271840 0.212998
v -6.548271 0.163217 0.218687
v -6.650383 0.163217 -0.212939
v -6.650711 0.257725 -0.212990
v -6.644685 0.163217 -0.218680
v -6.548271 0.163217 -0.218687
v -6.542227 0.271838 -0.212998
v -6.542571 0.163217 -0.212987
v -6.546621 0.721905 -0.151748
v -6.539071 0.713687 -0.155295
v -6.539443 0.721562 -0.167016
v -6.546979 0.729964 -0.159374
v -6.546989 0.729963 0.159375
v -6.539460 0.721569 0.167142
v -6.539083 0.713397 0.155111
v -6.546630 0.721905 0.151748
v -6.546696 0.945739 -0.159358
v -6.539414 0.953952 -0.168102
v -6.539451 0.962423 -0.160224
v -6.546700 0.953594 -0.151493
v -6.546699 0.953565 0.151558
v -6.539454 0.962336 0.160207
v -6.539428 0.953972 0.168196
v -6.546722 0.945691 0.159410
v -6.654284 0.723393 -0.145197
v -6.646286 0.731194 -0.142530
v -6.645988 0.739575 -0.150671
v -6.653919 0.732392 -0.157313
v -6.653927 0.732379 0.157317
v -6.646002 0.739569 0.150702
v -6.646474 0.731210 0.142695
v -6.654292 0.723393 0.145198
v -6.653528 0.943109 -0.158648
v -6.645757 0.935225 -0.150513
v -6.645774 0.943517 -0.142227
v -6.653492 0.951574 -0.150701
v -6.653452 0.951153 0.151402
v -6.645650 0.943139 0.142873
v -6.645807 0.934900 0.151193
v -6.653484 0.942715 0.159379
vt 0.369707 0.245116
vt 0.393116 0.247689
vt 0.360788 0.248454
vt 0.138261 0.250000
vt 0.642412 0.250000
vt 0.631789 0.250000
vt 0.861463 0.250000
vt 0.607252 0.247736
vt 0.164241 0.228398
vt 0.393106 0.495534
vt 0.607269 0.495629
vt 0.392776 0.502265
vt 0.375000 0.721378
vt 0.875000 0.241401
vt 0.870031 0.250000
vt 0.625000 0.505720
vt 0.371742 0.000000
vt 0.371308 0.028181
vt 0.172453 0.168305
vt 0.871742 0.000000
vt 0.875000 0.016109
vt 0.868615 0.000000
vt 0.628306 0.000000
vt 0.875000 0.019652
vt 0.875000 0.241571
vt 0.630981 0.000000
vt 0.625000 0.009538
vt 0.625000 0.241500
vt 0.870120 0.250000
vt 0.631610 0.250000
vt 0.625000 0.241561
vt 0.625000 0.241199
vt 0.871037 0.000000
vt 0.628953 0.000000
vt 0.631202 0.000000
vt 0.875000 0.000551
vt 0.875000 0.009974
vt 0.875000 0.241094
vt 0.875000 0.248935
vt 0.335183 0.170833
vt 0.336199 0.228292
vt 0.335058 0.226312
vt 0.875000 0.250000
vt 0.868536 0.250000
vt 0.631955 0.250000
vt 0.625000 0.250000
vt 0.388216 -0.000000
vt 0.606918 0.502306
vt 0.611782 0.750000
vt 0.628276 0.000000
vt 0.870652 0.000000
vt 0.625000 0.241401
vt 0.625000 0.016109
vt 0.625000 0.020010
vt 0.868229 0.000000
vt 0.875000 0.009518
vt 0.875000 0.241578
vt 0.868858 0.250000
vt 0.631537 0.250000
vt 0.625000 0.009987
vt 0.135436 0.247251
vt 0.168747 0.230709
vt 0.365016 0.247253
vt 0.606939 0.254452
vt 0.130308 0.245173
vt 0.128733 0.028172
vt 0.165211 0.170718
vt 0.128286 0.000000
vt 0.327767 0.168434
vt 0.392771 0.254381
vt 0.375000 0.246606
vt 0.375000 0.502387
vt 0.375000 0.504685
vt 0.625000 0.503625
vt 0.375000 0.000000
vt 0.625000 0.000000
vt 0.611782 -0.000000
vt 0.375000 0.750004
vt 0.388216 0.750004
vt 0.625000 0.717977
vt 0.625000 0.750000
vt 0.875000 0.000000
vt 0.335746 0.172925
vt 0.330546 0.170779
vt 0.875000 0.249019
vt 0.331962 0.230583
vt 0.330401 0.227568
vn -0.998442 0.001100 0.055792
vn -0.998773 0.049304 0.004582
vn -0.998567 0.053505 0.000550
vn -0.998454 0.001292 0.055572
vn -0.689411 0.002007 0.724367
vn -0.689411 0.002007 0.724367
vn -0.689558 0.001970 0.724228
vn -0.691170 0.001563 0.722691
vn -0.000133 0.706782 0.707432
vn -0.000133 0.706782 0.707432
vn -0.000133 0.706782 0.707432
vn -0.000133 0.706782 0.707432
vn -0.709830 0.704303 0.009940
vn -0.714194 0.699709 0.018277
vn -0.713186 0.700779 -0.016554
vn -0.709602 0.704535 -0.009729
vn 0.998100 0.061345 0.005697
vn 0.998201 0.000661 0.059947
vn 0.998219 0.001002 0.059651
vn 0.997760 0.066897 0.000556
vn 0.706694 0.707327 0.016527
vn 0.702913 0.711214 0.009389
vn 0.703002 0.711127 -0.009322
vn 0.707634 0.706348 -0.018093
vn 0.689005 0.001902 0.724754
vn 0.689005 0.001902 0.724754
vn 0.691638 0.001328 0.722244
vn 0.689172 0.001865 0.724595
vn -0.998775 0.049282 -0.004539
vn -0.998446 0.001074 -0.055722
vn -0.998460 0.001301 -0.055467
vn -0.998567 0.053515 -0.000352
vn -0.000155 0.706908 -0.707305
vn -0.000155 0.706908 -0.707305
vn -0.000155 0.706908 -0.707305
vn -0.000155 0.706908 -0.707305
vn -0.693308 0.001938 -0.720639
vn -0.693308 0.001938 -0.720639
vn -0.694953 0.001465 -0.719054
vn -0.693445 0.001899 -0.720508
vn 0.998190 0.000664 -0.060135
vn 0.998099 0.061373 -0.005684
vn 0.997760 0.066893 -0.000536
vn 0.998207 0.001002 -0.059842
vn 0.685074 0.001966 -0.728471
vn 0.685074 0.001966 -0.728471
vn 0.685256 0.001932 -0.728300
vn 0.687940 0.001417 -0.725766
vn -0.999976 -0.006950 0.000154
vn -0.999326 -0.002389 0.036636
vn -0.998556 -0.000011 0.053725
vn -0.999976 -0.006862 0.000874
vn 0.999313 -0.002447 0.036979
vn 0.999980 -0.006334 0.000152
vn 0.999980 -0.006255 0.000893
vn 0.998372 -0.000471 0.057032
vn -0.999328 -0.002386 -0.036572
vn -0.999976 -0.006950 -0.000177
vn -0.999976 -0.006862 -0.000896
vn -0.998560 -0.000020 -0.053639
vn 0.999980 -0.006335 -0.000124
vn 0.999299 -0.002434 -0.037358
vn 0.998358 -0.000464 -0.057283
vn 0.999980 -0.006257 -0.000862
vn 0.129845 0.686555 0.715390
vn 0.129845 0.686555 0.715390
vn 0.129845 0.686555 0.715390
vn 0.129845 0.686555 0.715390
vn 0.747623 0.663912 0.016774
vn 0.747474 0.664091 0.016301
vn 0.747767 0.663767 -0.016042
vn 0.747839 0.663681 -0.016263
vn 0.741688 0.001084 0.670744
vn 0.741688 0.001084 0.670744
vn 0.753437 -0.019941 0.657217
vn 0.754157 -0.021262 0.656350
vn 0.129045 0.683357 -0.718589
vn 0.129045 0.683357 -0.718589
vn 0.129045 0.683357 -0.718589
vn 0.129045 0.683357 -0.718589
vn 0.744963 0.001123 -0.667105
vn 0.744963 0.001123 -0.667105
vn 0.757107 -0.021170 -0.652948
vn 0.756500 -0.020027 -0.653687
vn 0.136822 -0.700463 0.700451
vn 0.136821 -0.700463 0.700451
vn 0.136821 -0.700463 0.700451
vn 0.136822 -0.700463 0.700451
vn 0.777549 -0.628707 0.012015
vn 0.781871 -0.623064 0.021629
vn 0.781726 -0.623248 -0.021602
vn 0.777547 -0.628705 -0.012281
vn 0.134905 -0.702706 -0.698573
vn 0.134905 -0.702706 -0.698573
vn 0.134905 -0.702706 -0.698573
vn 0.134905 -0.702706 -0.698573
vn -0.707909 0.706016 0.020155
vn -0.707805 0.706132 0.019739
vn -0.707753 0.706186 -0.019678
vn -0.708107 0.705791 -0.021064
vn -0.685285 0.003158 0.728268
vn -0.685285 0.003158 0.728268
vn -0.685285 0.003158 0.728268
vn -0.685285 0.003158 0.728268
vn -0.688115 0.005646 -0.725580
vn -0.688115 0.005646 -0.725580
vn -0.688115 0.005646 -0.725580
vn -0.688115 0.005646 -0.725580
vn -0.719319 -0.694680 -0.000746
vn -0.719319 -0.694680 -0.000746
vn -0.719319 -0.694680 -0.000746
vn -0.719319 -0.694680 -0.000746
vn -0.000000 0.000000 1.000000
vn -0.000000 0.000000 1.000000
vn -0.000000 0.000000 1.000000
vn -0.000000 0.000000 1.000000
vn -0.000056 -0.000001 -1.000000
vn -0.000056 -0.000001 -1.000000
vn -0.000056 -0.000001 -1.000000
vn -0.000056 -0.000001 -1.000000
vn 0.092799 0.995685 0.000003
vn 0.092799 0.995685 0.000003
vn 0.092799 0.995685 0.000003
vn 0.092799 0.995685 0.000003
vn 0.088254 -0.000529 0.996098
vn 0.088254 -0.000529 0.996098
vn 0.088254 -0.000529 0.996098
vn 0.088254 -0.000529 0.996098
vn 0.102983 -0.994683 -0.000712
vn 0.102983 -0.994683 -0.000712
vn 0.102983 -0.994683 -0.000712
vn 0.102983 -0.994683 -0.000712
vn 0.084946 0.001179 -0.996385
vn 0.084946 0.001179 -0.996385
vn 0.084946 0.001179 -0.996385
vn 0.084946 0.001179 -0.996385
vn 0.000000 1.000000 -0.000000
vn 0.000000 1.000000 -0.000000
vn 0.000000 1.000000 -0.000000
vn 0.000000 1.000000 -0.000000
vn -0.824779 0.402308 0.397350
vn -0.824779 0.402308 0.397350
vn 0.819682 0.432178 0.375956
vn 0.819682 0.432178 0.375956
vn -0.824119 0.418802 -0.381356
vn -0.824119 0.418802 -0.381356
vn 0.820299 0.421281 -0.386823
vn 0.820299 0.421281 -0.386823
vn -0.707181 -0.002533 0.707028
vn 0.709014 -0.002510 0.705190
vn -0.709762 -0.002846 -0.704436
vn 0.707055 -0.002306 -0.707155
vn 0.798378 0.479258 0.364560
vn 0.798378 0.479258 0.364560
vn 0.801249 0.475778 -0.362816
vn 0.801249 0.475778 -0.362816
vn -0.739540 0.522630 0.424191
vn -0.739540 0.522630 0.424191
vn -0.741733 0.523005 -0.419879
vn -0.741733 0.523005 -0.419879
vn -0.829703 -0.387879 0.401426
vn -0.829703 -0.387879 0.401426
vn -0.829703 -0.387879 0.401426
vn -0.829703 -0.387879 0.401426
vn -0.829831 -0.385146 -0.403785
vn -0.829831 -0.385146 -0.403785
vn -0.829831 -0.385146 -0.403785
vn -0.829831 -0.385146 -0.403785
s 1
g closed_door lock on_top
usemtl initialShadingGroup
f 281/398/663 284/460/664 337/483/665 340/438/666
s 2
f 282/399/667 281/398/668 298/415/669 297/444/670
s off
f 283/467/671 282/399/672 287/405/673 286/461/674
s 3
f 284/460/675 283/400/676 290/401/677 289/458/678
s 4
f 285/403/679 288/449/680 323/425/681 322/427/682
s 5
f 286/402/683 285/403/684 296/412/685 295/404/686
s 6
f 288/449/687 287/405/688 302/474/689 301/450/690
s 1
f 289/458/691 292/462/692 333/406/693 336/459/694
s off
f 291/409/695 290/407/696 295/408/697 294/445/698
s 8
f 292/470/699 291/409/700 305/476/701 304/410/702
s 4
f 293/411/703 296/412/704 319/426/705 318/422/706
s 9
f 294/445/707 293/413/708 307/477/709 306/446/710
s 1
f 299/414/711 298/415/712 329/437/713 332/466/714
s 4
f 301/450/715 300/447/716 315/420/717 314/451/718
s 1
f 304/463/719 303/465/720 325/416/721 328/464/722
s 4
f 308/417/723 307/418/724 311/421/725 310/448/726
s off
f 309/419/727 312/453/728 327/434/729 326/452/730
s 11
f 310/448/731 309/419/732 316/423/733 315/420/734
s 12
f 312/453/735 311/421/736 318/422/737 317/454/738
s off
f 313/424/739 316/423/740 331/432/741 330/457/742
s 12
f 314/451/743 313/424/744 324/428/745 323/425/746
s off
f 317/454/747 320/455/748 335/441/749 334/435/750
s 12
f 320/455/751 319/426/752 322/427/753 321/456/754
s off
f 321/456/755 324/428/756 339/429/757 338/442/758
s 14
f 326/452/759 325/430/760 332/431/761 331/432/762
s off
f 328/433/763 327/434/764 334/435/765 333/436/766
f 330/480/767 329/437/768 340/438/769 339/439/770
f 336/440/771 335/441/772 338/442/773 337/443/774
f 282/399/775 297/444/776 302/474/777 287/405/778
f 291/409/779 294/445/780 306/446/781 305/476/782
s 1
f 329/437/713 298/415/712 281/398/663 340/438/666
s 4
f 315/420/717 300/447/716 308/417/723 310/448/726
f 311/421/725 307/418/724 293/411/703 318/422/706
f 296/412/704 285/403/679 322/427/682 319/426/705
f 288/449/680 301/450/715 314/451/718 323/425/681
s off
f 316/423/783 309/419/784 326/452/785 331/432/786
f 312/453/787 317/454/788 334/435/789 327/434/790
f 320/455/791 321/456/792 338/442/793 335/441/794
f 324/428/795 313/424/796 330/457/797 339/429/798
s 1
f 289/458/691 336/459/694 337/483/665 284/460/664
s off
f 283/467/799 286/461/800 295/408/801 290/407/802
s 1
f 292/462/692 304/463/719 328/464/722 333/406/693
f 325/416/721 303/465/720 299/414/711 332/466/714
s 3
f 281/398/803 282/399/804 283/467/676 284/468/675
s 5
f 285/403/684 286/461/683 287/405/805 288/449/806
s 3
f 289/469/678 290/407/677 291/409/807 292/470/808
s 5
f 293/413/809 294/445/810 295/408/686 296/471/685
s 2
f 297/444/670 298/415/669 299/472/811
s 6
f 300/473/812 301/450/690 302/474/689
s 8
f 303/475/813 304/410/702 305/476/701
s 9
f 306/446/710 307/477/709 308/478/814
s 11
f 309/419/732 310/448/731 311/421/815 312/453/816
f 313/424/817 314/451/818 315/420/734 316/423/733
s 12
f 317/454/738 318/422/737 319/426/752 320/455/751
f 321/456/754 322/427/753 323/425/746 324/428/745
s 14
f 325/430/760 326/452/759 327/434/819 328/479/820
f 329/437/821 330/480/822 331/481/762 332/466/761
s off
f 333/436/823 334/435/824 335/441/825 336/482/826
f 337/483/827 338/484/828 339/439/829 340/438/830
g default
v -7.812857 0.719878 0.738792
v -7.812857 0.725831 0.744744
v -7.818810 0.725831 0.738792
v -7.699746 0.725831 0.738792
v -7.705698 0.725831 0.744744
v -7.705698 0.719878 0.738792
v -7.818810 0.843062 0.738792
v -7.812857 0.843062 0.744744
v -7.812857 0.849015 0.738792
v -7.705698 0.849015 0.738792
v -7.705698 0.843062 0.744744
v -7.699746 0.843062 0.738792
v -7.818810 0.843062 0.177870
v -7.812857 0.849015 0.177870
v -7.705698 0.849015 0.177870
v -7.699746 0.843062 0.177870
v -7.812857 0.719878 0.177870
v -7.818810 0.725831 0.177870
v -7.699746 0.725831 0.177870
v -7.705698 0.719878 0.177870
v -8.096980 0.719878 0.147840
v -8.096980 0.725831 0.153792
v -8.102933 0.725831 0.147840
v -6.455245 0.725831 0.147840
v -6.461197 0.725831 0.153792
v -6.461197 0.719878 0.147840
v -8.102933 0.843062 0.147840
v -8.096980 0.843062 0.153792
v -8.096980 0.849015 0.147840
v -6.461197 0.849015 0.147840
v -6.461197 0.843062 0.153792
v -6.455245 0.843062 0.147840
v -8.102933 0.843062 -0.147840
v -8.096980 0.849015 -0.147840
v -8.096980 0.843062 -0.153792
v -6.461197 0.843062 -0.153792
v -6.461197 0.849015 -0.147840
v -6.455245 0.843062 -0.147840
v -8.102933 0.725831 -0.147840
v -8.096980 0.725831 -0.153792
v -8.096980 0.719878 -0.147840
v -6.461197 0.719878 -0.147840
v -6.461197 0.725831 -0.153792
v -6.455245 0.725831 -0.147840
vt 0.387498 0.997375
vt 0.375000 0.997375
vt 0.375000 0.750000
vt 0.387498 -0.000000
vt 0.387498 0.011524
vt 0.625000 0.997375
vt 0.612502 0.997375
vt 0.612502 0.750000
vt 0.625000 0.750000
vt 0.627625 0.011524
vt 0.375000 0.252625
vt 0.387498 0.500000
vt 0.375000 0.500000
vt 0.387498 0.238476
vt 0.612502 0.238476
vt 0.625000 0.252625
vt 0.625000 0.500000
vt 0.375903 0.995162
vt 0.375000 0.995162
vt 0.375000 0.754838
vt 0.375903 -0.000000
vt 0.375903 0.011524
vt 0.625000 0.995162
vt 0.624097 0.995162
vt 0.625000 0.754838
vt 0.629838 0.011524
vt 0.375000 0.254838
vt 0.375000 0.495162
vt 0.375903 0.238476
vt 0.624097 0.238476
vt 0.625000 0.254838
vt 0.375000 0.511524
vt 0.375000 0.738476
vt 0.375903 0.495162
vt 0.624097 0.495162
vt 0.625000 0.511524
vt 0.625000 0.738476
vt 0.375903 0.738476
vt 0.624097 0.738476
vt 0.624097 0.754838
vt 0.612502 0.011524
vt 0.387498 0.252625
vt 0.612502 0.252625
vt 0.612502 0.500000
vt 0.387498 0.750000
vt 0.875000 0.011524
vt 0.875000 0.238476
vt 0.125000 0.011524
vt 0.372375 0.011524
vt 0.372375 0.238476
vt 0.125000 0.238476
vt 0.624097 0.011524
vt 0.375903 0.254838
vt 0.624097 0.254838
vt 0.375903 0.511524
vt 0.624097 0.511524
vt 0.375903 0.754838
vt 0.870162 0.011524
vt 0.870162 0.238476
vt 0.129838 0.011524
vt 0.370162 0.011524
vt 0.370162 0.238476
vt 0.129838 0.238476
vt 0.612502 -0.000000
vt 0.627625 0.238476
vt 0.624097 -0.000000
vt 0.629838 0.238476
vt 0.625000 0.495162
vn -0.707120 -0.707093 0.000000
vn -0.707120 -0.707093 0.000000
vn -0.707120 -0.707093 0.000000
vn -0.707120 -0.707093 0.000000
vn 0.000000 -0.707111 0.707103
vn 0.000000 -0.707111 0.707103
vn 0.000000 -0.707111 0.707103
vn 0.000000 -0.707111 0.707103
vn -0.707121 0.000000 0.707093
vn -0.707121 0.000000 0.707093
vn -0.707121 0.000000 0.707093
vn -0.707121 0.000000 0.707093
vn 0.707120 -0.707093 0.000000
vn 0.707120 -0.707093 0.000000
vn 0.707120 -0.707093 0.000000
vn 0.707120 -0.707093 0.000000
vn 0.707121 0.000000 0.707093
vn 0.707121 0.000000 0.707093
vn 0.707121 0.000000 0.707093
vn 0.707121 0.000000 0.707093
vn -0.707120 0.707093 0.000000
vn -0.707120 0.707093 0.000000
vn -0.707120 0.707093 0.000000
vn -0.707120 0.707093 0.000000
vn 0.000000 0.707107 0.707107
vn 0.000000 0.707107 0.707107
vn 0.000000 0.707107 0.707107
vn 0.000000 0.707107 0.707107
vn 0.707120 0.707093 0.000000
vn 0.707120 0.707093 0.000000
vn 0.707120 0.707093 0.000000
vn 0.707120 0.707093 0.000000
vn -0.707118 -0.707096 0.000000
vn -0.707118 -0.707096 0.000000
vn -0.707118 -0.707096 0.000000
vn -0.707118 -0.707096 0.000000
vn 0.000000 -0.707106 0.707108
vn 0.000000 -0.707106 0.707108
vn 0.000000 -0.707106 0.707108
vn 0.000000 -0.707106 0.707108
vn -0.707090 0.000000 0.707123
vn -0.707090 0.000000 0.707123
vn -0.707090 0.000000 0.707123
vn -0.707090 0.000000 0.707123
vn 0.707118 -0.707096 0.000000
vn 0.707118 -0.707096 0.000000
vn 0.707118 -0.707096 0.000000
vn 0.707118 -0.707096 0.000000
vn 0.707119 0.000000 0.707095
vn 0.707119 0.000000 0.707095
vn 0.707119 0.000000 0.707095
vn 0.707119 0.000000 0.707095
vn -0.707118 0.707096 0.000000
vn -0.707118 0.707096 0.000000
vn -0.707118 0.707096 0.000000
vn -0.707118 0.707096 0.000000
vn 0.000000 0.707106 0.707108
vn 0.000000 0.707106 0.707108
vn 0.000000 0.707106 0.707108
vn 0.000000 0.707106 0.707108
vn 0.707118 0.707096 0.000000
vn 0.707118 0.707096 0.000000
vn 0.707118 0.707096 0.000000
vn 0.707118 0.707096 0.000000
vn -0.707090 0.000000 -0.707123
vn -0.707090 0.000000 -0.707123
vn -0.707090 0.000000 -0.707123
vn -0.707090 0.000000 -0.707123
vn 0.000000 0.707106 -0.707108
vn 0.000000 0.707106 -0.707108
vn 0.000000 0.707106 -0.707108
vn 0.000000 0.707106 -0.707108
vn 0.707119 0.000000 -0.707095
vn 0.707119 0.000000 -0.707095
vn 0.707119 0.000000 -0.707095
vn 0.707119 0.000000 -0.707095
vn 0.000000 -0.707106 -0.707108
vn 0.000000 -0.707106 -0.707108
vn 0.000000 -0.707106 -0.707108
vn 0.000000 -0.707106 -0.707108
vn 0.000000 0.000000 1.000000
vn 0.000000 0.000000 1.000000
vn 0.000000 0.000000 1.000000
vn 0.000000 0.000000 1.000000
vn 0.000000 1.000000 0.000000
vn 0.000000 1.000000 0.000000
vn 0.000000 1.000000 0.000000
vn 0.000000 1.000000 0.000000
vn 0.000000 -1.000000 0.000000
vn 0.000000 -1.000000 0.000000
vn 0.000000 -1.000000 0.000000
vn 0.000000 -1.000000 0.000000
vn 1.000000 0.000000 0.000000
vn 1.000000 0.000000 0.000000
vn 1.000000 0.000000 0.000000
vn 1.000000 0.000000 0.000000
vn -1.000000 0.000000 0.000000
vn -1.000000 0.000000 0.000000
vn -1.000000 0.000000 0.000000
vn -1.000000 0.000000 0.000000
vn 0.000000 0.000000 1.000000
vn 0.000000 0.000000 1.000000
vn 0.000000 0.000000 1.000000
vn 0.000000 0.000000 1.000000
vn 0.000000 1.000000 0.000000
vn 0.000000 1.000000 0.000000
vn 0.000000 1.000000 0.000000
vn 0.000000 1.000000 0.000000
vn 0.000000 0.000000 -1.000000
vn 0.000000 0.000000 -1.000000
vn 0.000000 0.000000 -1.000000
vn 0.000000 0.000000 -1.000000
vn 0.000000 -1.000000 0.000000
vn 0.000000 -1.000000 0.000000
vn 0.000000 -1.000000 0.000000
vn 0.000000 -1.000000 0.000000
vn 1.000000 0.000000 0.000000
vn 1.000000 0.000000 0.000000
vn 1.000000 0.000000 0.000000
vn 1.000000 0.000000 0.000000
vn -1.000000 0.000000 0.000000
vn -1.000000 0.000000 0.000000
vn -1.000000 0.000000 0.000000
vn -1.000000 0.000000 0.000000
vn -0.577396 -0.577290 0.577365
vn -0.577396 -0.577290 0.577365
vn -0.577396 -0.577290 0.577365
vn 0.577396 -0.577290 0.577365
vn 0.577396 -0.577290 0.577365
vn 0.577396 -0.577290 0.577365
vn -0.577396 0.577290 0.577365
vn -0.577396 0.577290 0.577365
vn -0.577396 0.577290 0.577365
vn 0.577396 0.577290 0.577365
vn 0.577396 0.577290 0.577365
vn 0.577396 0.577290 0.577365
vn -0.577331 -0.577360 0.577360
vn -0.577331 -0.577360 0.577360
vn -0.577331 -0.577360 0.577360
vn 0.577387 -0.577294 0.577370
vn 0.577387 -0.577294 0.577370
vn 0.577387 -0.577294 0.577370
vn -0.577331 0.577360 0.577360
vn -0.577331 0.577360 0.577360
vn -0.577331 0.577360 0.577360
vn 0.577387 0.577294 0.577370
vn 0.577387 0.577294 0.577370
vn 0.577387 0.577294 0.577370
vn -0.577331 0.577360 -0.577360
vn -0.577331 0.577360 -0.577360
vn -0.577331 0.577360 -0.577360
vn 0.577387 0.577294 -0.577370
vn 0.577387 0.577294 -0.577370
vn 0.577387 0.577294 -0.577370
vn -0.577331 -0.577360 -0.577360
vn -0.577331 -0.577360 -0.577360
vn -0.577331 -0.577360 -0.577360
vn 0.577387 -0.577294 -0.577370
vn 0.577387 -0.577294 -0.577370
vn 0.577387 -0.577294 -0.577370
s off
g closed_door lock slider
usemtl initialShadingGroup
f 341/485/831 343/486/832 358/487/833 357/529/834
f 342/489/835 341/488/836 346/548/837 345/525/838
f 343/533/839 342/489/840 348/498/841 347/534/842
f 344/490/843 346/491/844 360/492/845 359/493/846
f 345/525/847 344/494/848 352/549/849 351/499/850
f 347/495/851 349/526/852 354/496/853 353/497/854
f 349/526/855 348/498/856 351/499/857 350/527/858
f 350/527/859 352/500/860 356/501/861 355/528/862
f 361/502/863 363/503/864 379/504/865 381/541/866
f 362/506/867 361/505/868 366/550/869 365/536/870
f 363/545/871 362/506/872 368/513/873 367/546/874
f 364/507/875 366/508/876 382/524/877 384/509/878
f 365/536/879 364/510/880 372/551/881 371/514/882
f 367/511/883 369/537/884 374/518/885 373/512/886
f 369/537/887 368/513/888 371/514/889 370/538/890
f 370/538/891 372/515/892 378/552/893 377/519/894
f 373/516/895 375/539/896 380/522/897 379/517/898
f 375/539/899 374/518/900 377/519/901 376/540/902
f 376/540/903 378/520/904 384/521/905 383/523/906
f 381/541/907 380/522/908 383/523/909 382/524/910
f 342/489/911 345/525/912 351/499/913 348/498/914
f 349/526/915 350/527/916 355/528/917 354/496/918
f 341/485/919 357/529/920 360/492/921 346/491/922
f 344/494/923 359/530/924 356/531/925 352/549/926
f 358/532/927 343/533/928 347/534/929 353/535/930
f 362/506/931 365/536/932 371/514/933 368/513/934
f 369/537/935 370/538/936 377/519/937 374/518/938
f 375/539/939 376/540/940 383/523/941 380/522/942
f 381/541/943 382/524/944 366/508/945 361/502/946
f 364/510/947 384/542/948 378/543/949 372/551/950
f 379/544/951 363/545/952 367/546/953 373/547/954
f 341/488/955 342/489/956 343/533/957
f 344/494/958 345/525/959 346/548/960
f 347/534/961 348/498/962 349/526/963
f 350/527/964 351/499/965 352/549/966
f 361/505/967 362/506/968 363/545/969
f 364/510/970 365/536/971 366/550/972
f 367/546/973 368/513/974 369/537/975
f 370/538/976 371/514/977 372/551/978
f 373/512/979 374/518/980 375/539/981
f 376/540/982 377/519/983 378/552/984
f 379/517/985 380/522/986 381/541/987
f 382/524/988 383/523/989 384/521/990
g default
v 6.217909 0.232011 4.507998
v 17.878579 0.232011 4.507997
v 6.133811 0.232011 4.423899
v 6.223227 0.243026 4.327299
v 17.842749 0.243026 4.327299
v 17.962676 0.232011 4.423899
v 6.133811 0.232011 -4.423899
v 6.223227 0.243026 -4.384544
v 17.842749 0.243026 -4.384544
v 17.962677 0.232011 -4.423899
v 6.217909 0.232011 -4.507997
v 17.878579 0.232011 -4.507997
v 6.217910 0.079945 4.507997
v 6.133812 0.079945 4.423899
v 17.962677 0.079945 4.423899
v 17.878579 0.079945 4.507997
v 6.396589 2.401930 4.423899
v 6.479588 2.388380 4.507997
v 6.493140 2.471376 4.423899
v 18.001412 0.592311 4.423899
v 17.987859 0.509310 4.507997
v 18.070858 0.495759 4.423899
v 6.396589 2.401930 -4.423899
v 6.493140 2.471376 -4.423899
v 6.479588 2.388380 -4.507997
v 17.987859 0.509310 -4.507997
v 18.001412 0.592311 -4.423899
v 18.070858 0.495759 -4.423899
v 6.133812 0.079945 -4.423899
v 6.217910 0.079945 -4.507997
v 17.878579 0.079945 -4.507997
v 17.962677 0.079945 -4.423899
v 6.447962 2.194686 4.507997
v 6.364964 2.208241 4.423899
v 6.364964 2.208241 -4.423899
v 6.447962 2.194686 -4.507997
v 17.956234 0.315620 -4.507997
v 18.039232 0.302070 -4.423899
v 18.039232 0.302070 4.423899
v 17.956234 0.315620 4.507997
v 6.217910 0.232011 4.507997
v 6.133812 0.232011 4.423899
v 6.133812 0.232011 -4.423899
v 6.217910 0.232011 -4.507997
v 17.878579 0.232011 -4.507997
v 17.962677 0.232011 -4.423899
v 17.962677 0.232011 4.423899
v 17.878579 0.232011 4.507997
v 18.341299 0.182536 -3.708062
v 18.306422 0.217747 -3.708060
v 18.257508 0.225734 -3.708060
v 18.213238 0.203445 -3.708061
v 18.190530 0.159392 -3.708061
v 18.198046 0.110405 -3.708061
v 18.232928 0.075192 -3.708060
v 18.281842 0.067205 -3.708060
v 18.326107 0.089495 -3.708062
v 18.348817 0.133547 -3.708061
v 18.341297 0.182536 -2.897959
v 18.306420 0.217747 -2.897961
v 18.257505 0.225734 -2.897960
v 18.213239 0.203446 -2.897960
v 18.190528 0.159392 -2.897960
v 18.198047 0.110404 -2.897960
v 18.232925 0.075192 -2.897960
v 18.281840 0.067205 -2.897961
v 18.326105 0.089495 -2.897959
v 18.348816 0.133547 -2.897960
v 18.269670 0.146469 -3.708062
v 18.269672 0.146469 -2.897960
v 17.881071 0.085634 -2.899554
v 18.226525 0.085634 -2.899554
v 17.881071 0.194567 -2.899554
v 18.226525 0.194567 -2.899554
v 17.881071 0.194567 -3.705906
v 18.226525 0.194567 -3.705906
v 17.881071 0.085634 -3.705906
v 18.226525 0.085634 -3.705906
v 18.275434 0.138876 -3.118292
v 18.268700 0.139186 -3.124817
v 18.344595 0.128496 -3.124570
v 18.337397 0.129146 -3.118292
v 17.470880 0.678427 -3.137575
v 17.461503 0.679956 -3.138805
v 17.471771 0.742838 -3.138805
v 17.481146 0.741305 -3.137575
v 17.482186 0.748018 -3.143411
v 17.472688 0.749572 -3.144983
v 17.461503 0.679956 -3.516933
v 17.470880 0.678427 -3.518163
v 17.472688 0.749572 -3.510755
v 17.482192 0.748019 -3.512320
v 17.481146 0.741305 -3.518163
v 17.471771 0.742838 -3.516933
v 18.275434 0.138876 -3.537446
v 18.268704 0.139143 -3.530966
v 18.344582 0.128592 -3.531090
v 18.337397 0.129146 -3.537446
v 18.211195 0.420769 -3.118292
v 18.205346 0.416769 -3.124714
v 18.242955 0.359967 -3.124727
v 18.249292 0.364177 -3.118292
v 18.299575 0.400275 -3.118292
v 18.305822 0.405135 -3.124699
v 18.268022 0.461777 -3.124676
v 18.262338 0.457561 -3.118292
v 18.015822 0.587631 -3.537446
v 18.014113 0.580216 -3.530998
v 18.005397 0.584269 -3.531032
v 18.006633 0.591006 -3.537446
v 18.016913 0.653805 -3.537446
v 18.017865 0.660556 -3.531021
v 18.026615 0.656646 -3.531045
v 18.025828 0.648485 -3.537446
v 18.006633 0.591006 -3.118292
v 18.005390 0.584270 -3.124717
v 18.014120 0.580210 -3.124754
v 18.015822 0.587631 -3.118292
v 18.211196 0.420770 -3.537446
v 18.249292 0.364177 -3.537446
v 18.242955 0.359966 -3.531011
v 18.205346 0.416769 -3.531024
v 18.268008 0.461792 -3.531036
v 18.305818 0.405155 -3.531067
v 18.299596 0.400314 -3.537446
v 18.262379 0.457569 -3.537446
v 18.017871 0.660553 -3.124708
v 18.016929 0.653824 -3.118292
v 18.025828 0.648485 -3.118292
v 18.026615 0.656646 -3.124693
v 17.201476 0.722474 -3.235554
v 17.195798 0.723401 -3.240354
v 17.206046 0.786167 -3.240354
v 17.211757 0.785183 -3.235547
v 17.213707 0.791858 -3.239666
v 17.206037 0.786116 -3.415357
v 17.213707 0.791858 -3.416072
v 17.211757 0.785183 -3.420192
v 17.195798 0.723401 -3.415385
v 17.201526 0.722517 -3.420192
v 18.341298 0.182536 2.866270
v 18.306420 0.217747 2.866268
v 18.257506 0.225734 2.866268
v 18.213239 0.203445 2.866266
v 18.190528 0.159392 2.866268
v 18.198048 0.110405 2.866266
v 18.232926 0.075192 2.866268
v 18.281840 0.067205 2.866268
v 18.326106 0.089495 2.866270
v 18.348817 0.133547 2.866271
v 18.341298 0.182536 3.676369
v 18.306420 0.217747 3.676369
v 18.257507 0.225734 3.676370
v 18.213240 0.203444 3.676368
v 18.190528 0.159392 3.676371
v 18.198049 0.110405 3.676368
v 18.232926 0.075192 3.676370
v 18.281840 0.067205 3.676369
v 18.326106 0.089495 3.676369
v 18.348817 0.133547 3.676371
v 18.269673 0.146469 2.866267
v 18.269673 0.146469 3.676369
v 17.881071 0.085634 3.674774
v 18.226525 0.085634 3.674774
v 17.881071 0.194567 3.674774
v 18.226525 0.194567 3.674774
v 17.881071 0.194567 2.868423
v 18.226525 0.194567 2.868423
v 17.881071 0.085634 2.868423
v 18.226525 0.085634 2.868423
v 18.275434 0.138876 3.456037
v 18.268700 0.139186 3.449512
v 18.344595 0.128496 3.449759
v 18.337397 0.129146 3.456037
v 17.470880 0.678427 3.436754
v 17.461503 0.679956 3.435524
v 17.471771 0.742838 3.435524
v 17.481146 0.741305 3.436754
v 17.482186 0.748018 3.430918
v 17.472688 0.749572 3.429346
v 17.461503 0.679956 3.057396
v 17.470880 0.678427 3.056166
v 17.472688 0.749572 3.063574
v 17.482192 0.748019 3.062010
v 17.481146 0.741305 3.056166
v 17.471771 0.742838 3.057396
v 18.275434 0.138876 3.036884
v 18.268704 0.139143 3.043363
v 18.344582 0.128592 3.043239
v 18.337397 0.129146 3.036884
v 18.211195 0.420769 3.456037
v 18.205346 0.416769 3.449615
v 18.242955 0.359967 3.449602
v 18.249292 0.364177 3.456037
v 18.299575 0.400275 3.456037
v 18.305822 0.405135 3.449630
v 18.268022 0.461777 3.449653
v 18.262338 0.457561 3.456037
v 18.015822 0.587631 3.036884
v 18.014113 0.580216 3.043331
v 18.005397 0.584269 3.043297
v 18.006633 0.591006 3.036884
v 18.016913 0.653805 3.036884
v 18.017865 0.660556 3.043308
v 18.026615 0.656646 3.043284
v 18.025828 0.648485 3.036884
v 18.006633 0.591006 3.456037
v 18.005390 0.584270 3.449612
v 18.014120 0.580210 3.449575
v 18.015822 0.587631 3.456037
v 18.211196 0.420770 3.036884
v 18.249292 0.364177 3.036884
v 18.242955 0.359966 3.043318
v 18.205346 0.416769 3.043305
v 18.268008 0.461792 3.043293
v 18.305818 0.405155 3.043262
v 18.299596 0.400314 3.036884
v 18.262379 0.457569 3.036884
v 18.017871 0.660553 3.449621
v 18.016929 0.653824 3.456037
v 18.025828 0.648485 3.456037
v 18.026615 0.656646 3.449636
v 17.201476 0.722474 3.338775
v 17.195798 0.723401 3.333976
v 17.206046 0.786167 3.333976
v 17.211757 0.785183 3.338783
v 17.213707 0.791858 3.334663
v 17.206037 0.786116 3.158972
v 17.213707 0.791858 3.158257
v 17.211757 0.785183 3.154138
v 17.195798 0.723401 3.158945
v 17.201526 0.722517 3.154138
v 5.536615 0.081273 0.500000
v 5.513277 0.081273 0.476662
v 6.279333 0.081273 0.500000
v 5.513277 0.190200 0.476662
v 5.536615 0.190200 0.500000
v 5.536615 0.213538 0.476662
v 6.279333 0.213538 0.476662
v 6.279333 0.190200 0.500000
v 5.513277 0.190200 -0.476662
v 5.536615 0.213538 -0.476662
v 5.536615 0.190200 -0.500000
v 6.279333 0.190200 -0.500000
v 6.279333 0.213538 -0.476662
v 5.513277 0.081273 -0.476662
v 5.536615 0.081273 -0.500000
v 6.279333 0.081273 -0.500000
v 5.511789 0.992376 0.210564
v 5.520024 1.000688 0.218687
v 5.519876 1.008501 0.211023
v 5.511778 1.000385 0.201876
v 5.620568 1.000450 0.201272
v 5.612235 1.008501 0.210898
v 5.612370 1.000848 0.218687
v 5.620527 0.993023 0.210612
v 5.511769 1.000390 -0.201647
v 5.520020 1.008501 -0.210874
v 5.519878 1.000835 -0.218683
v 5.511789 0.992588 -0.210560
v 5.620527 0.993024 -0.210613
v 5.612226 1.000704 -0.218687
v 5.612377 1.008501 -0.211041
v 5.620568 1.000450 -0.201273
v 5.517911 0.163217 0.218687
v 5.511883 0.257717 0.212997
v 5.512212 0.163217 0.212987
v 5.620024 0.163217 0.212956
v 5.620367 0.271840 0.212998
v 5.614324 0.163217 0.218687
v 5.512212 0.163217 -0.212939
v 5.511884 0.257725 -0.212990
v 5.517911 0.163217 -0.218680
v 5.614324 0.163217 -0.218687
v 5.620368 0.271838 -0.212998
v 5.620024 0.163217 -0.212987
v 5.615975 0.721905 -0.151748
v 5.623524 0.713687 -0.155295
v 5.623152 0.721562 -0.167016
v 5.615616 0.729964 -0.159374
v 5.615606 0.729963 0.159375
v 5.623136 0.721569 0.167142
v 5.623512 0.713397 0.155111
v 5.615966 0.721905 0.151748
v 5.615900 0.945739 -0.159358
v 5.623182 0.953952 -0.168102
v 5.623145 0.962422 -0.160224
v 5.615895 0.953594 -0.151493
v 5.615896 0.953565 0.151558
v 5.623141 0.962336 0.160207
v 5.623168 0.953972 0.168196
v 5.615874 0.945691 0.159410
v 5.508311 0.723393 -0.145197
v 5.516309 0.731194 -0.142530
v 5.516607 0.739575 -0.150671
v 5.508677 0.732392 -0.157313
v 5.508669 0.732379 0.157317
v 5.516594 0.739569 0.150702
v 5.516122 0.731210 0.142695
v 5.508303 0.723393 0.145198
v 5.509067 0.943109 -0.158648
v 5.516838 0.935225 -0.150513
v 5.516822 0.943517 -0.142227
v 5.509103 0.951574 -0.150701
v 5.509143 0.951153 0.151402
v 5.516946 0.943139 0.142873
v 5.516788 0.934901 0.151193
v 5.509111 0.942715 0.159379
v 7.141676 2.807077 0.210564
v 7.151143 2.813951 0.218687
v 7.152256 2.821685 0.211023
v 7.142955 2.814982 0.201876
v 7.250333 2.797515 0.201272
v 7.243407 2.806806 0.210898
v 7.242308 2.799229 0.218687
v 7.249098 2.790193 0.210612
v 7.142948 2.814990 -0.201647
v 7.152398 2.821664 -0.210874
v 7.151024 2.814122 -0.218683
v 7.141709 2.807287 -0.210560
v 7.249098 2.790193 -0.210613
v 7.242143 2.799110 -0.218687
v 7.243546 2.806781 -0.211041
v 7.250334 2.797514 -0.201273
v 7.014102 1.987768 0.218687
v 7.023382 2.082005 0.212997
v 7.008478 1.988684 0.212987
v 7.114881 1.971312 0.212956
v 7.132724 2.078462 0.212998
v 7.109255 1.972230 0.218687
v 7.008478 1.988684 -0.212939
v 7.023384 2.082011 -0.212990
v 7.014102 1.987768 -0.218680
v 7.109255 1.972230 -0.218687
v 7.132725 2.078458 -0.212998
v 7.114881 1.971312 -0.212987
v 7.200914 2.523350 -0.151748
v 7.207042 2.514022 -0.155295
v 7.207944 2.521857 -0.167016
v 7.201860 2.531363 -0.159374
v 7.201849 2.531362 0.159375
v 7.207928 2.521865 0.167142
v 7.206983 2.513739 0.155111
v 7.200906 2.523353 0.151748
v 7.236911 2.744273 -0.159358
v 7.245420 2.751204 -0.168102
v 7.246751 2.759567 -0.160224
v 7.238173 2.752024 -0.151493
v 7.238170 2.751996 0.151558
v 7.246733 2.759486 0.160207
v 7.245411 2.751227 0.168196
v 7.236878 2.744228 0.159410
v 7.094898 2.542170 -0.145197
v 7.104048 2.548580 -0.142530
v 7.105696 2.556803 -0.150671
v 7.096708 2.550992 -0.157313
v 7.096698 2.550980 0.157317
v 7.105680 2.556800 0.150702
v 7.103866 2.548625 0.142695
v 7.094891 2.542170 0.145198
v 7.131052 2.758891 -0.158648
v 7.137449 2.749858 -0.150513
v 7.138770 2.758046 -0.142227
v 7.132452 2.767241 -0.150701
v 7.132422 2.766820 0.151402
v 7.138830 2.757653 0.142873
v 7.137349 2.749548 0.151193
v 7.131031 2.758496 0.159379
v 6.958883 2.560817 0.738792
v 6.959843 2.566693 0.744744
v 6.953969 2.567651 0.738792
v 7.071476 2.548464 0.738792
v 7.065601 2.549424 0.744744
v 7.064642 2.543551 0.738792
v 6.972860 2.683348 0.738792
v 6.978733 2.682391 0.744744
v 6.979693 2.688264 0.738792
v 7.085452 2.670996 0.738792
v 7.084492 2.665121 0.744744
v 7.090368 2.664164 0.738792
v 6.972860 2.683348 0.177870
v 6.979693 2.688264 0.177870
v 7.085452 2.670996 0.177870
v 7.090368 2.664164 0.177870
v 6.958883 2.560817 0.177870
v 6.953969 2.567651 0.177870
v 7.071476 2.548464 0.177870
v 7.064642 2.543551 0.177870
v 6.678474 2.606603 0.147840
v 6.679434 2.612475 0.153792
v 6.673557 2.613437 0.147840
v 8.299712 2.347917 0.147840
v 8.293837 2.348877 0.153792
v 8.292878 2.343001 0.147840
v 6.692450 2.729135 0.147840
v 6.698325 2.728174 0.153792
v 6.699285 2.734049 0.147840
v 8.313688 2.470451 0.147840
v 8.312730 2.464575 0.153792
v 8.318603 2.463615 0.147840
v 6.692450 2.729135 -0.147840
v 6.699285 2.734049 -0.147840
v 6.698325 2.728174 -0.153792
v 8.312730 2.464575 -0.153792
v 8.313688 2.470451 -0.147840
v 8.318603 2.463615 -0.147840
v 6.673557 2.613437 -0.147840
v 6.679434 2.612475 -0.153792
v 6.678474 2.606603 -0.147840
v 8.292878 2.343001 -0.147840
v 8.293837 2.348877 -0.153792
v 8.299712 2.347917 -0.147840
vt 0.100000 0.000000
vt 0.900000 0.000000
vt 0.000000 0.100000
vt 0.100000 0.100000
vt 0.900000 0.100000
vt 1.000000 0.100000
vt 0.000000 0.900000
vt 0.100000 0.900000
vt 0.900000 0.900000
vt 1.000000 0.900000
vt 0.100000 1.000000
vt 0.900000 1.000000
vt 0.372668 0.037496
vt 0.377332 0.037496
vt 0.377332 0.105297
vt 0.372668 0.105297
vt 0.622668 0.037496
vt 0.627332 0.037496
vt 0.627332 0.105297
vt 0.622668 0.105297
vt 0.375000 0.252332
vt 0.377332 0.252332
vt 0.377332 0.497668
vt 0.375000 0.497668
vt 0.377332 0.212504
vt 0.622668 0.212504
vt 0.622668 0.252332
vt 0.625000 0.252332
vt 0.625000 0.497668
vt 0.622668 0.497668
vt 0.375000 0.644703
vt 0.377332 0.644703
vt 0.377332 0.712504
vt 0.375000 0.712504
vt 0.377332 0.537496
vt 0.622668 0.537496
vt 0.622668 0.644703
vt 0.625000 0.644703
vt 0.625000 0.712504
vt 0.622668 0.712504
vt 0.872668 0.037496
vt 0.872668 0.105297
vt 0.127332 0.037496
vt 0.127332 0.105297
vt 0.372668 0.212504
vt 0.627332 0.212504
vt 0.372668 0.125000
vt 0.377332 0.125000
vt 0.127332 0.125000
vt 0.127332 0.212504
vt 0.375000 0.537496
vt 0.377332 0.625000
vt 0.375000 0.625000
vt 0.622668 0.625000
vt 0.625000 0.537496
vt 0.625000 0.625000
vt 0.627332 0.125000
vt 0.872668 0.125000
vt 0.872668 0.212504
vt 0.622668 0.125000
vt 0.375000 0.312500
vt 0.400000 0.312500
vt 0.400000 0.687500
vt 0.375000 0.687500
vt 0.425000 0.312500
vt 0.425000 0.687500
vt 0.450000 0.312500
vt 0.450000 0.687500
vt 0.475000 0.312500
vt 0.475000 0.687500
vt 0.500000 0.312500
vt 0.500000 0.687500
vt 0.525000 0.312500
vt 0.525000 0.687500
vt 0.550000 0.312500
vt 0.575000 0.312500
vt 0.575000 0.687500
vt 0.550000 0.687500
vt 0.600000 0.312500
vt 0.600000 0.687500
vt 0.625000 0.312500
vt 0.625000 0.687500
vt 0.548284 0.007647
vt 0.626409 0.064409
vt 0.500000 0.156250
vt 0.451716 0.007647
vt 0.373591 0.064409
vt 0.343750 0.156250
vt 0.373591 0.248091
vt 0.451716 0.304853
vt 0.548284 0.304853
vt 0.626409 0.248091
vt 0.656250 0.156250
vt 0.626409 0.935591
vt 0.548284 0.992353
vt 0.500000 0.843750
vt 0.451716 0.992353
vt 0.373591 0.935591
vt 0.343750 0.843750
vt 0.373591 0.751909
vt 0.451716 0.695147
vt 0.548284 0.695147
vt 0.626409 0.751909
vt 0.656250 0.843750
vt 0.375000 0.000000
vt 0.625000 0.000000
vt 0.625000 0.250000
vt 0.375000 0.250000
vt 0.625000 0.500000
vt 0.375000 0.500000
vt 0.625000 0.750000
vt 0.375000 0.750000
vt 0.371108 0.001269
vt 0.397370 0.001439
vt 0.399640 0.047629
vt 0.371162 0.047455
vt 0.600556 0.001516
vt 0.628744 0.001313
vt 0.628821 0.047674
vt 0.599926 0.047618
vt 0.396966 0.250000
vt 0.396973 0.248410
vt 0.603027 0.248410
vt 0.603034 0.250000
vt 0.625000 0.254027
vt 0.625000 0.253924
vt 0.602679 0.250000
vt 0.628833 0.248428
vt 0.603027 0.070757
vt 0.628827 0.070808
vt 0.631986 0.250000
vt 0.871162 0.248426
vt 0.870176 0.250000
vt 0.396973 0.501590
vt 0.396966 0.500000
vt 0.603034 0.500000
vt 0.603027 0.501590
vt 0.625000 0.494295
vt 0.602679 0.500000
vt 0.625000 0.494135
vt 0.625000 0.501574
vt 0.625000 0.679190
vt 0.602969 0.679239
vt 0.397379 0.748562
vt 0.375002 0.748739
vt 0.375001 0.702545
vt 0.399638 0.702371
vt 0.624996 0.748670
vt 0.600590 0.748479
vt 0.600020 0.702378
vt 0.624998 0.702322
vt 0.397783 0.048922
vt 0.601551 0.048922
vt 0.371170 0.048935
vt 0.399938 0.068831
vt 0.371146 0.068789
vt 0.128830 0.048935
vt 0.128838 0.047455
vt 0.628807 0.048859
vt 0.871196 0.047678
vt 0.871177 0.048860
vt 0.628818 0.068866
vt 0.599532 0.068826
vt 0.399936 0.681169
vt 0.397147 0.679230
vt 0.599532 0.681174
vt 0.128846 0.068790
vt 0.125000 0.069185
vt 0.125000 0.049663
vt 0.128825 0.070814
vt 0.371168 0.070816
vt 0.871183 0.068866
vt 0.871168 0.070810
vt 0.875000 0.067815
vt 0.875000 0.048528
vt 0.397147 0.070770
vt 0.397789 0.701079
vt 0.601652 0.701080
vt 0.397158 0.255079
vt 0.397158 0.250000
vt 0.602842 0.255079
vt 0.602679 0.494884
vt 0.397321 0.500000
vt 0.397158 0.494921
vt 0.871209 0.001329
vt 0.128865 0.001260
vt 0.625799 0.249422
vt 0.125000 0.070770
vt 0.617148 0.680815
vt 0.375000 0.701472
vt 0.612379 0.701472
vt 0.375000 0.312500
vt 0.400000 0.312500
vt 0.400000 0.687500
vt 0.375000 0.687500
vt 0.425000 0.312500
vt 0.425000 0.687500
vt 0.450000 0.312500
vt 0.450000 0.687500
vt 0.475000 0.312500
vt 0.475000 0.687500
vt 0.500000 0.312500
vt 0.500000 0.687500
vt 0.525000 0.312500
vt 0.525000 0.687500
vt 0.550000 0.312500
vt 0.575000 0.312500
vt 0.575000 0.687500
vt 0.550000 0.687500
vt 0.600000 0.312500
vt 0.600000 0.687500
vt 0.625000 0.312500
vt 0.625000 0.687500
vt 0.548284 0.007647
vt 0.626409 0.064409
vt 0.500000 0.156250
vt 0.451716 0.007647
vt 0.373591 0.064409
vt 0.343750 0.156250
vt 0.373591 0.248091
vt 0.451716 0.304853
vt 0.548284 0.304853
vt 0.626409 0.248091
vt 0.656250 0.156250
vt 0.626409 0.935591
vt 0.548284 0.992353
vt 0.500000 0.843750
vt 0.451716 0.992353
vt 0.373591 0.935591
vt 0.343750 0.843750
vt 0.373591 0.751909
vt 0.451716 0.695147
vt 0.548284 0.695147
vt 0.626409 0.751909
vt 0.656250 0.843750
vt 0.375000 0.000000
vt 0.625000 0.000000
vt 0.625000 0.250000
vt 0.375000 0.250000
vt 0.625000 0.500000
vt 0.375000 0.500000
vt 0.625000 0.750000
vt 0.375000 0.750000
vt 0.371108 0.001269
vt 0.397370 0.001439
vt 0.399640 0.047629
vt 0.371162 0.047455
vt 0.600556 0.001516
vt 0.628744 0.001313
vt 0.628821 0.047674
vt 0.599926 0.047618
vt 0.396966 0.250000
vt 0.396973 0.248410
vt 0.603027 0.248410
vt 0.603034 0.250000
vt 0.625000 0.254027
vt 0.625000 0.253924
vt 0.602679 0.250000
vt 0.628833 0.248428
vt 0.603027 0.070757
vt 0.628827 0.070808
vt 0.631986 0.250000
vt 0.871162 0.248426
vt 0.870176 0.250000
vt 0.396973 0.501590
vt 0.396966 0.500000
vt 0.603034 0.500000
vt 0.603027 0.501590
vt 0.625000 0.494295
vt 0.602679 0.500000
vt 0.625000 0.494135
vt 0.625000 0.501574
vt 0.625000 0.679190
vt 0.602969 0.679239
vt 0.397379 0.748562
vt 0.375002 0.748739
vt 0.375001 0.702545
vt 0.399638 0.702371
vt 0.624996 0.748670
vt 0.600590 0.748479
vt 0.600020 0.702378
vt 0.624998 0.702322
vt 0.397783 0.048922
vt 0.601551 0.048922
vt 0.371170 0.048935
vt 0.399938 0.068831
vt 0.371146 0.068789
vt 0.128830 0.048935
vt 0.128838 0.047455
vt 0.628807 0.048859
vt 0.871196 0.047678
vt 0.871177 0.048860
vt 0.628818 0.068866
vt 0.599532 0.068826
vt 0.399936 0.681169
vt 0.397147 0.679230
vt 0.599532 0.681174
vt 0.128846 0.068790
vt 0.125000 0.069185
vt 0.125000 0.049663
vt 0.128825 0.070814
vt 0.371168 0.070816
vt 0.871183 0.068866
vt 0.871168 0.070810
vt 0.875000 0.067815
vt 0.875000 0.048528
vt 0.397147 0.070770
vt 0.397789 0.701079
vt 0.601652 0.701080
vt 0.397158 0.255079
vt 0.397158 0.250000
vt 0.602842 0.255079
vt 0.602679 0.494884
vt 0.397321 0.500000
vt 0.397158 0.494921
vt 0.871209 0.001329
vt 0.128865 0.001260
vt 0.625799 0.249422
vt 0.125000 0.070770
vt 0.617148 0.680815
vt 0.375000 0.701472
vt 0.612379 0.701472
vt 0.369165 0.037496
vt 0.380835 0.037496
vt 0.380835 0.212504
vt 0.369165 0.212504
vt 0.375000 0.255835
vt 0.380835 0.255835
vt 0.380835 0.494165
vt 0.375000 0.494165
vt 0.619166 0.212504
vt 0.619166 0.255835
vt 0.375000 0.537496
vt 0.380835 0.537496
vt 0.380835 0.712504
vt 0.375000 0.712504
vt 0.619166 0.494165
vt 0.619166 0.537496
vt 0.619166 0.037496
vt 0.619166 0.712504
vt 0.130835 0.037496
vt 0.130835 0.212504
vt 0.369707 0.245116
vt 0.365016 0.247253
vt 0.331962 0.230583
vt 0.336199 0.228292
vt 0.393116 0.247689
vt 0.371308 0.028181
vt 0.388216 -0.000000
vt 0.392771 0.254381
vt 0.607252 0.247736
vt 0.606939 0.254452
vt 0.360788 0.248454
vt 0.138261 0.250000
vt 0.135436 0.247251
vt 0.631789 0.250000
vt 0.625000 0.241401
vt 0.625000 0.241500
vt 0.631610 0.250000
vt 0.642412 0.250000
vt 0.870031 0.250000
vt 0.861463 0.250000
vt 0.611782 -0.000000
vt 0.625000 0.016109
vt 0.130308 0.245173
vt 0.164241 0.228398
vt 0.168747 0.230709
vt 0.392776 0.502265
vt 0.393106 0.495534
vt 0.607269 0.495629
vt 0.606918 0.502306
vt 0.375000 0.504685
vt 0.388216 0.750004
vt 0.375000 0.721378
vt 0.875000 0.241401
vt 0.870120 0.250000
vt 0.875000 0.241571
vt 0.625000 0.505720
vt 0.625000 0.717977
vt 0.611782 0.750000
vt 0.371742 0.000000
vt 0.335183 0.170833
vt 0.327767 0.168434
vt 0.628276 0.000000
vt 0.628306 0.000000
vt 0.625000 0.020010
vt 0.128733 0.028172
vt 0.128286 0.000000
vt 0.172453 0.168305
vt 0.165211 0.170718
vt 0.871742 0.000000
vt 0.875000 0.016109
vt 0.875000 0.019652
vt 0.870652 0.000000
vt 0.868615 0.000000
vt 0.875000 0.009518
vt 0.875000 0.009974
vt 0.868229 0.000000
vt 0.630981 0.000000
vt 0.875000 0.241578
vt 0.625000 0.009538
vt 0.631202 0.000000
vt 0.625000 0.009987
vt 0.625000 0.241561
vt 0.868858 0.250000
vt 0.868536 0.250000
vt 0.875000 0.241094
vt 0.631537 0.250000
vt 0.625000 0.241199
vt 0.631955 0.250000
vt 0.871037 0.000000
vt 0.628953 0.000000
vt 0.875000 0.000551
vt 0.875000 0.248935
vt 0.335746 0.172925
vt 0.335058 0.226312
vt 0.875000 0.250000
vt 0.625000 0.250000
vt 0.375000 0.246606
vt 0.375000 0.502387
vt 0.625000 0.503625
vt 0.375000 0.000000
vt 0.625000 0.000000
vt 0.375000 0.750004
vt 0.625000 0.750000
vt 0.875000 0.000000
vt 0.330546 0.170779
vt 0.875000 0.249019
vt 0.330401 0.227568
vt 0.369707 0.245116
vt 0.365016 0.247253
vt 0.331962 0.230583
vt 0.336199 0.228292
vt 0.393116 0.247689
vt 0.371308 0.028181
vt 0.388216 -0.000000
vt 0.392771 0.254381
vt 0.607252 0.247736
vt 0.606939 0.254452
vt 0.360788 0.248454
vt 0.138261 0.250000
vt 0.135436 0.247251
vt 0.631789 0.250000
vt 0.625000 0.241401
vt 0.625000 0.241500
vt 0.631610 0.250000
vt 0.642412 0.250000
vt 0.870031 0.250000
vt 0.861463 0.250000
vt 0.611782 -0.000000
vt 0.625000 0.016109
vt 0.130308 0.245173
vt 0.164241 0.228398
vt 0.168747 0.230709
vt 0.392776 0.502265
vt 0.393106 0.495534
vt 0.607269 0.495629
vt 0.606918 0.502306
vt 0.375000 0.504685
vt 0.388216 0.750004
vt 0.375000 0.721378
vt 0.875000 0.241401
vt 0.870120 0.250000
vt 0.875000 0.241571
vt 0.625000 0.505720
vt 0.625000 0.717977
vt 0.611782 0.750000
vt 0.371742 0.000000
vt 0.335183 0.170833
vt 0.327767 0.168434
vt 0.628276 0.000000
vt 0.628306 0.000000
vt 0.625000 0.020010
vt 0.128733 0.028172
vt 0.128286 0.000000
vt 0.172453 0.168305
vt 0.165211 0.170718
vt 0.871742 0.000000
vt 0.875000 0.016109
vt 0.875000 0.019652
vt 0.870652 0.000000
vt 0.868615 0.000000
vt 0.875000 0.009518
vt 0.875000 0.009974
vt 0.868229 0.000000
vt 0.630981 0.000000
vt 0.875000 0.241578
vt 0.625000 0.009538
vt 0.631202 0.000000
vt 0.625000 0.009987
vt 0.625000 0.241561
vt 0.868858 0.250000
vt 0.868536 0.250000
vt 0.875000 0.241094
vt 0.631537 0.250000
vt 0.625000 0.241199
vt 0.631955 0.250000
vt 0.871037 0.000000
vt 0.628953 0.000000
vt 0.875000 0.000551
vt 0.875000 0.248935
vt 0.335746 0.172925
vt 0.335058 0.226312
vt 0.875000 0.250000
vt 0.625000 0.250000
vt 0.375000 0.246606
vt 0.375000 0.502387
vt 0.625000 0.503625
vt 0.375000 0.000000
vt 0.625000 0.000000
vt 0.375000 0.750004
vt 0.625000 0.750000
vt 0.875000 0.000000
vt 0.330546 0.170779
vt 0.875000 0.249019
vt 0.330401 0.227568
vt 0.387498 0.997375
vt 0.375000 0.997375
vt 0.375000 0.750000
vt 0.387498 0.750000
vt 0.387498 0.011524
vt 0.387498 -0.000000
vt 0.612502 -0.000000
vt 0.612502 0.011524
vt 0.372375 0.011524
vt 0.387498 0.238476
vt 0.372375 0.238476
vt 0.625000 0.997375
vt 0.612502 0.997375
vt 0.612502 0.750000
vt 0.625000 0.750000
vt 0.627625 0.011524
vt 0.627625 0.238476
vt 0.612502 0.238476
vt 0.375000 0.252625
vt 0.387498 0.252625
vt 0.387498 0.500000
vt 0.375000 0.500000
vt 0.612502 0.252625
vt 0.625000 0.252625
vt 0.625000 0.500000
vt 0.612502 0.500000
vt 0.375903 0.995162
vt 0.375000 0.995162
vt 0.375000 0.754838
vt 0.375903 0.754838
vt 0.375903 0.011524
vt 0.375903 -0.000000
vt 0.624097 -0.000000
vt 0.624097 0.011524
vt 0.370162 0.011524
vt 0.375903 0.238476
vt 0.370162 0.238476
vt 0.625000 0.995162
vt 0.624097 0.995162
vt 0.624097 0.754838
vt 0.625000 0.754838
vt 0.629838 0.011524
vt 0.629838 0.238476
vt 0.624097 0.238476
vt 0.375000 0.254838
vt 0.375903 0.254838
vt 0.375903 0.495162
vt 0.375000 0.495162
vt 0.624097 0.254838
vt 0.625000 0.254838
vt 0.625000 0.495162
vt 0.624097 0.495162
vt 0.375000 0.511524
vt 0.375903 0.511524
vt 0.375903 0.738476
vt 0.375000 0.738476
vt 0.624097 0.511524
vt 0.625000 0.511524
vt 0.625000 0.738476
vt 0.624097 0.738476
vt 0.875000 0.011524
vt 0.875000 0.238476
vt 0.125000 0.011524
vt 0.125000 0.238476
vt 0.870162 0.011524
vt 0.870162 0.238476
vt 0.129838 0.011524
vt 0.129838 0.238476
vn -0.120955 0.992657 0.001229
vn -0.000116 0.998147 0.060841
vn -0.001410 0.999998 0.001251
vn 0.000157 0.998149 0.060814
vn 0.001318 0.999998 0.001374
vn 0.090897 0.995860 0.000707
vn -0.001180 0.999999 -0.001273
vn -0.122002 0.992530 -0.000603
vn 0.001118 0.999998 -0.001454
vn 0.091337 0.995820 -0.000383
vn 0.000265 0.996050 -0.088794
vn -0.000174 0.996044 -0.088863
vn -0.707109 0.000000 0.707104
vn -0.707109 0.000000 0.707104
vn -0.707109 0.000000 0.707104
vn -0.707109 0.000000 0.707104
vn 0.707107 0.000000 0.707106
vn 0.707107 0.000000 0.707106
vn 0.707107 0.000000 0.707106
vn 0.707107 0.000000 0.707106
vn -0.583914 0.811816 0.000000
vn -0.583914 0.811816 0.000000
vn -0.583914 0.811816 0.000000
vn -0.583914 0.811816 0.000000
vn 0.113947 0.697864 0.707108
vn 0.113947 0.697864 0.707108
vn 0.113947 0.697864 0.707108
vn 0.113947 0.697864 0.707108
vn 0.811820 0.583908 0.000000
vn 0.811820 0.583908 0.000000
vn 0.811820 0.583908 0.000000
vn 0.811820 0.583908 0.000000
vn -0.707108 0.000000 -0.707105
vn -0.707108 0.000000 -0.707105
vn -0.707108 0.000000 -0.707105
vn -0.707108 0.000000 -0.707105
vn 0.113947 0.697864 -0.707108
vn 0.113947 0.697864 -0.707108
vn 0.113947 0.697864 -0.707108
vn 0.113947 0.697864 -0.707108
vn 0.707107 0.000000 -0.707106
vn 0.707107 0.000000 -0.707106
vn 0.707107 0.000000 -0.707106
vn 0.707107 0.000000 -0.707106
vn 0.000000 0.000000 1.000000
vn 0.000000 0.000000 1.000000
vn 0.000000 0.000000 1.000000
vn 0.000000 0.000000 1.000000
vn 0.161146 0.986931 0.000000
vn 0.161146 0.986931 0.000000
vn 0.161146 0.986931 0.000000
vn 0.161146 0.986931 0.000000
vn 0.000000 0.000000 -1.000000
vn 0.000000 0.000000 -1.000000
vn 0.000000 0.000000 -1.000000
vn 0.000000 0.000000 -1.000000
vn 1.000000 0.000000 0.000000
vn 1.000000 0.000000 0.000000
vn 1.000000 0.000000 0.000000
vn 1.000000 0.000000 0.000000
vn -1.000000 0.000000 0.000000
vn -1.000000 0.000000 0.000000
vn -1.000000 0.000000 0.000000
vn -1.000000 0.000000 0.000000
vn -0.476765 0.662858 0.577334
vn -0.476765 0.662858 0.577334
vn -0.476765 0.662858 0.577334
vn 0.662841 0.476753 0.577364
vn 0.662841 0.476753 0.577364
vn 0.662841 0.476753 0.577364
vn -0.476766 0.662858 -0.577334
vn -0.476766 0.662857 -0.577334
vn -0.476766 0.662857 -0.577334
vn 0.662842 0.476753 -0.577363
vn 0.662842 0.476752 -0.577363
vn 0.662842 0.476753 -0.577363
vn -0.697868 0.113945 0.707104
vn -0.697868 0.113945 0.707104
vn -0.697868 0.113945 0.707104
vn -0.697868 0.113945 0.707104
vn -0.986931 0.161146 0.000000
vn -0.986931 0.161146 0.000000
vn -0.986931 0.161146 0.000000
vn -0.986931 0.161146 0.000000
vn -0.697868 0.113945 -0.707104
vn -0.697868 0.113945 -0.707104
vn -0.697868 0.113945 -0.707104
vn -0.697868 0.113945 -0.707104
vn 0.000000 0.000000 -1.000000
vn 0.000000 0.000000 -1.000000
vn 0.000000 0.000000 -1.000000
vn 0.000000 0.000000 -1.000000
vn 0.697865 -0.113948 -0.707107
vn 0.697865 -0.113948 -0.707107
vn 0.697865 -0.113948 -0.707107
vn 0.697865 -0.113948 -0.707107
vn 0.986930 -0.161150 0.000000
vn 0.986930 -0.161150 0.000000
vn 0.986930 -0.161150 0.000000
vn 0.986930 -0.161150 0.000000
vn 0.697866 -0.113948 0.707106
vn 0.697867 -0.113948 0.707106
vn 0.697866 -0.113948 0.707106
vn 0.697866 -0.113948 0.707106
vn 0.000000 0.000000 1.000000
vn 0.000000 0.000000 1.000000
vn 0.000000 0.000000 1.000000
vn 0.000000 0.000000 1.000000
vn 0.710476 0.703722 0.000002
vn 0.710476 0.703722 0.000002
vn 0.710476 0.703722 0.000002
vn 0.710476 0.703722 0.000002
vn 0.161136 0.986932 0.000000
vn 0.161136 0.986932 0.000000
vn 0.161136 0.986932 0.000000
vn 0.161136 0.986932 0.000000
vn -0.449698 0.893181 -0.000001
vn -0.449698 0.893181 -0.000001
vn -0.449698 0.893181 -0.000001
vn -0.449698 0.893181 -0.000001
vn -0.888850 0.458198 -0.000000
vn -0.888850 0.458198 -0.000000
vn -0.888850 0.458198 -0.000000
vn -0.888850 0.458198 -0.000000
vn -0.988428 -0.151689 -0.000000
vn -0.988428 -0.151689 -0.000000
vn -0.988428 -0.151689 -0.000000
vn -0.988428 -0.151689 -0.000000
vn -0.710458 -0.703740 -0.000001
vn -0.710458 -0.703740 -0.000001
vn -0.710458 -0.703740 -0.000001
vn -0.710458 -0.703740 -0.000001
vn 0.449739 -0.893160 0.000001
vn 0.449739 -0.893160 0.000001
vn 0.449739 -0.893160 0.000001
vn 0.449739 -0.893160 0.000001
vn 0.888839 -0.458220 0.000001
vn 0.888839 -0.458220 0.000001
vn 0.888839 -0.458220 0.000001
vn 0.888839 -0.458220 0.000001
vn 0.988428 0.151690 0.000001
vn 0.988428 0.151690 0.000001
vn 0.988428 0.151690 0.000001
vn 0.988428 0.151690 0.000001
vn -0.000008 0.000025 -1.000000
vn -0.000008 0.000004 -1.000000
vn -0.000007 0.000001 -1.000000
vn 0.000000 0.000018 -1.000000
vn -0.000006 0.000012 -1.000000
vn -0.000014 0.000002 -1.000000
vn -0.000008 -0.000010 -1.000000
vn -0.000008 -0.000018 -1.000000
vn -0.000020 -0.000021 -1.000000
vn -0.000006 -0.000001 -1.000000
vn 0.000006 -0.000001 -1.000000
vn -0.000014 0.000006 1.000000
vn -0.000002 0.000016 1.000000
vn -0.000002 0.000001 1.000000
vn 0.000012 0.000004 1.000000
vn 0.000000 0.000004 1.000000
vn -0.000001 -0.000000 1.000000
vn -0.000001 -0.000004 1.000000
vn 0.000008 -0.000006 1.000000
vn -0.000008 -0.000014 1.000000
vn -0.000016 -0.000000 1.000000
vn 0.000000 0.000000 1.000000
vn 0.000000 0.000000 1.000000
vn 0.000000 0.000000 1.000000
vn 0.000000 0.000000 1.000000
vn 0.000000 0.000000 1.000000
vn 0.000000 1.000000 0.000000
vn 0.000000 1.000000 0.000000
vn 0.000000 1.000000 0.000000
vn 0.000000 1.000000 0.000000
vn 0.000000 0.000000 -1.000000
vn 0.000000 0.000000 -1.000000
vn 0.000000 0.000000 -1.000000
vn 0.000000 0.000000 -1.000000
vn -0.689615 -0.080358 0.719704
vn -0.689615 -0.080358 0.719704
vn -0.655386 -0.164889 0.737076
vn -0.666015 -0.140234 0.732638
vn 0.667563 0.093522 0.738657
vn 0.667563 0.093522 0.738657
vn 0.640037 0.164452 0.750538
vn 0.650874 0.137793 0.746577
vn -0.333402 0.054492 0.941209
vn -0.036626 0.005991 0.999311
vn -0.036626 0.005991 0.999311
vn -0.333401 0.054492 0.941209
vn -0.171424 0.625402 0.761240
vn -0.174294 0.624530 0.761304
vn -0.393253 0.774462 0.495540
vn -0.182262 0.622674 0.760959
vn 0.080635 0.664788 0.742668
vn 0.080870 0.664777 0.742652
vn 0.087475 0.663639 0.742921
vn 0.085909 0.663961 0.742816
vn 0.161159 0.986929 0.000000
vn 0.161146 0.986931 0.000004
vn 0.161146 0.986931 0.000004
vn 0.161159 0.986929 0.000000
vn -0.036625 0.005987 -0.999311
vn -0.333418 0.054439 -0.941206
vn -0.333418 0.054439 -0.941206
vn -0.036625 0.005987 -0.999311
vn -0.174263 0.624562 -0.761285
vn -0.171388 0.625438 -0.761219
vn -0.182320 0.622702 -0.760922
vn -0.393038 0.774324 -0.495926
vn 0.080859 0.664611 -0.742801
vn 0.080629 0.664623 -0.742816
vn 0.085875 0.663788 -0.742974
vn 0.087422 0.663469 -0.743079
vn -0.688327 -0.080136 -0.720961
vn -0.688327 -0.080136 -0.720961
vn -0.664923 -0.140124 -0.733650
vn -0.654381 -0.164816 -0.737984
vn 0.669711 0.093651 -0.736693
vn 0.669711 0.093651 -0.736693
vn 0.652982 0.137970 -0.744701
vn 0.642101 0.164694 -0.748720
vn 0.000000 0.000000 1.000000
vn 0.000000 0.000000 1.000000
vn 0.000000 0.000000 1.000000
vn 0.000000 0.000000 1.000000
vn -0.468472 -0.492953 0.733165
vn -0.472793 -0.486698 0.734569
vn -0.437709 -0.528676 0.727264
vn -0.441954 -0.526121 0.726549
vn -0.974922 -0.222549 0.000001
vn -0.693452 -0.720503 -0.000001
vn -0.693451 -0.720504 -0.000001
vn -0.974924 -0.222538 0.000001
vn 0.669281 0.743010 0.000004
vn 0.974606 0.223925 0.000001
vn 0.974609 0.223916 0.000001
vn 0.669291 0.743000 0.000004
vn 0.450242 0.501935 0.738474
vn 0.453731 0.497103 0.739606
vn 0.422930 0.534643 0.731633
vn 0.426428 0.532398 0.731239
vn 0.000000 0.000000 -1.000000
vn -0.034362 0.005617 -0.999394
vn -0.034575 0.005652 -0.999386
vn 0.000000 0.000000 -1.000000
vn -0.441680 -0.525806 -0.726943
vn -0.437454 -0.528343 -0.727659
vn -0.472578 -0.486440 -0.734878
vn -0.468246 -0.492688 -0.733488
vn -0.421698 -0.906736 -0.000006
vn -0.642143 -0.766585 -0.000001
vn -0.642142 -0.766586 -0.000001
vn -0.421698 -0.906736 -0.000006
vn 0.622130 0.782914 0.000003
vn 0.165832 0.986154 0.000004
vn 0.165830 0.986154 0.000004
vn 0.622127 0.782917 0.000003
vn 0.427304 0.533543 -0.729893
vn 0.423732 0.535758 -0.730352
vn 0.454546 0.498539 -0.738137
vn 0.451264 0.503067 -0.737078
vn -0.034361 0.005621 0.999394
vn 0.000000 0.000000 1.000000
vn 0.000000 0.000000 1.000000
vn -0.034574 0.005656 0.999386
vn 0.000000 0.000000 -1.000000
vn 0.000000 0.000000 -1.000000
vn 0.000000 0.000000 -1.000000
vn 0.000000 0.000000 -1.000000
vn -0.631097 0.103205 0.768807
vn -0.631097 0.103205 0.768808
vn -0.631097 0.103205 0.768808
vn -0.631097 0.103205 0.768808
vn -0.598151 0.801354 0.006792
vn -0.598184 0.801329 -0.006950
vn -0.631071 0.103200 -0.768830
vn -0.631071 0.103200 -0.768830
vn -0.631071 0.103200 -0.768830
vn -0.631071 0.103200 -0.768830
vn 0.000000 0.000000 1.000000
vn 0.000000 0.000000 1.000000
vn -0.986933 0.161133 0.000001
vn -0.986933 0.161133 0.000001
vn -0.986933 0.161133 0.000001
vn -0.986933 0.161133 0.000001
vn 0.000000 0.000000 -1.000000
vn 0.000000 0.000000 -1.000000
vn 0.990320 0.138805 -0.000001
vn 0.990320 0.138805 -0.000001
vn -0.993270 -0.115818 0.000002
vn -0.993270 -0.115818 0.000002
vn -0.340190 0.055602 0.938711
vn -0.340190 0.055602 0.938712
vn 0.161143 0.986931 0.000000
vn 0.161143 0.986931 0.000000
vn -0.340214 0.055549 -0.938706
vn -0.340214 0.055549 -0.938706
vn -0.255964 -0.620445 -0.741303
vn -0.255964 -0.620445 -0.741303
vn -0.256153 -0.621024 0.740753
vn -0.256153 -0.621024 0.740753
vn 0.710466 0.703731 0.000000
vn 0.710466 0.703731 0.000000
vn 0.710466 0.703731 0.000000
vn 0.710466 0.703731 0.000000
vn 0.161146 0.986931 -0.000000
vn 0.161146 0.986931 -0.000000
vn 0.161146 0.986931 -0.000000
vn 0.161146 0.986931 -0.000000
vn -0.449737 0.893161 0.000001
vn -0.449737 0.893161 0.000001
vn -0.449737 0.893161 0.000001
vn -0.449737 0.893161 0.000001
vn -0.888825 0.458247 0.000001
vn -0.888825 0.458247 0.000001
vn -0.888825 0.458247 0.000001
vn -0.888825 0.458247 0.000001
vn -0.988419 -0.151747 0.000001
vn -0.988419 -0.151747 0.000001
vn -0.988419 -0.151747 0.000001
vn -0.988419 -0.151747 0.000001
vn -0.710487 -0.703711 0.000001
vn -0.710487 -0.703711 0.000001
vn -0.710487 -0.703711 0.000001
vn -0.710487 -0.703711 0.000001
vn 0.449735 -0.893162 0.000000
vn 0.449735 -0.893162 0.000000
vn 0.449735 -0.893162 0.000000
vn 0.449735 -0.893162 0.000000
vn 0.888829 -0.458240 -0.000000
vn 0.888829 -0.458240 -0.000000
vn 0.888829 -0.458240 -0.000000
vn 0.888829 -0.458240 -0.000000
vn 0.988425 0.151713 -0.000000
vn 0.988425 0.151713 -0.000000
vn 0.988425 0.151713 -0.000000
vn 0.988425 0.151713 -0.000000
vn 0.000028 -0.000001 -1.000000
vn 0.000041 -0.000007 -1.000000
vn 0.000023 -0.000004 -1.000000
vn 0.000020 0.000009 -1.000000
vn 0.000012 -0.000008 -1.000000
vn -0.000002 0.000001 -1.000000
vn 0.000010 0.000005 -1.000000
vn 0.000012 -0.000015 -1.000000
vn 0.000028 -0.000008 -1.000000
vn 0.000046 -0.000008 -1.000000
vn 0.000040 -0.000007 -1.000000
vn -0.000007 0.000018 1.000000
vn 0.000016 -0.000008 1.000000
vn 0.000001 -0.000000 1.000000
vn -0.000008 -0.000021 1.000000
vn -0.000004 0.000008 1.000000
vn 0.000032 -0.000004 1.000000
vn -0.000004 -0.000007 1.000000
vn 0.000000 0.000021 1.000000
vn 0.000016 0.000003 1.000000
vn -0.000012 -0.000014 1.000000
vn -0.000019 0.000004 1.000000
vn 0.000000 0.000000 1.000000
vn 0.000000 0.000000 1.000000
vn 0.000000 0.000000 1.000000
vn 0.000000 0.000000 1.000000
vn 0.000000 1.000000 0.000000
vn 0.000000 1.000000 0.000000
vn 0.000000 1.000000 0.000000
vn 0.000000 1.000000 0.000000
vn 0.000000 0.000000 -1.000000
vn 0.000000 0.000000 -1.000000
vn 0.000000 0.000000 -1.000000
vn 0.000000 0.000000 -1.000000
vn -0.689615 -0.080358 0.719704
vn -0.689615 -0.080358 0.719704
vn -0.655382 -0.164890 0.737079
vn -0.666012 -0.140235 0.732640
vn 0.667563 0.093522 0.738657
vn 0.667563 0.093522 0.738657
vn 0.640037 0.164451 0.750538
vn 0.650874 0.137792 0.746577
vn -0.333401 0.054492 0.941209
vn -0.036627 0.005991 0.999311
vn -0.036627 0.005991 0.999311
vn -0.333400 0.054492 0.941209
vn -0.171411 0.625403 0.761242
vn -0.174282 0.624531 0.761306
vn -0.393246 0.774465 0.495542
vn -0.182249 0.622675 0.760961
vn 0.080641 0.664787 0.742667
vn 0.080876 0.664776 0.742652
vn 0.087482 0.663639 0.742920
vn 0.085915 0.663960 0.742816
vn 0.161159 0.986929 0.000000
vn 0.161146 0.986931 0.000004
vn 0.161146 0.986931 0.000004
vn 0.161159 0.986929 0.000000
vn -0.036625 0.005987 -0.999311
vn -0.333419 0.054439 -0.941206
vn -0.333418 0.054439 -0.941206
vn -0.036625 0.005987 -0.999311
vn -0.174263 0.624562 -0.761285
vn -0.171388 0.625438 -0.761219
vn -0.182320 0.622702 -0.760922
vn -0.393039 0.774324 -0.495926
vn 0.080859 0.664611 -0.742801
vn 0.080629 0.664623 -0.742816
vn 0.085875 0.663788 -0.742974
vn 0.087423 0.663469 -0.743079
vn -0.688342 -0.080134 -0.720947
vn -0.688342 -0.080134 -0.720947
vn -0.664937 -0.140122 -0.733638
vn -0.654395 -0.164813 -0.737973
vn 0.669749 0.093647 -0.736659
vn 0.669749 0.093647 -0.736659
vn 0.653016 0.137964 -0.744672
vn 0.642133 0.164688 -0.748694
vn 0.000003 0.000000 1.000000
vn 0.000000 0.000000 1.000000
vn 0.000000 0.000000 1.000000
vn 0.000003 0.000000 1.000000
vn -0.468484 -0.492950 0.733160
vn -0.472804 -0.486694 0.734565
vn -0.437728 -0.528670 0.727257
vn -0.441974 -0.526115 0.726541
vn -0.974922 -0.222549 0.000001
vn -0.693452 -0.720503 -0.000001
vn -0.693451 -0.720504 -0.000001
vn -0.974924 -0.222538 0.000001
vn 0.669281 0.743010 0.000004
vn 0.974606 0.223926 0.000001
vn 0.974609 0.223916 0.000001
vn 0.669292 0.743000 0.000004
vn 0.450241 0.501935 0.738474
vn 0.453731 0.497103 0.739606
vn 0.422931 0.534643 0.731633
vn 0.426429 0.532398 0.731239
vn 0.000000 0.000000 -1.000000
vn -0.034362 0.005617 -0.999394
vn -0.034575 0.005652 -0.999386
vn 0.000000 0.000000 -1.000000
vn -0.441690 -0.525803 -0.726939
vn -0.437464 -0.528340 -0.727655
vn -0.472588 -0.486437 -0.734874
vn -0.468256 -0.492685 -0.733484
vn -0.421698 -0.906736 -0.000006
vn -0.642143 -0.766585 -0.000001
vn -0.642142 -0.766586 -0.000001
vn -0.421698 -0.906736 -0.000006
vn 0.622130 0.782914 0.000003
vn 0.165832 0.986154 0.000004
vn 0.165830 0.986154 0.000004
vn 0.622127 0.782916 0.000003
vn 0.427304 0.533543 -0.729893
vn 0.423732 0.535758 -0.730352
vn 0.454548 0.498539 -0.738136
vn 0.451266 0.503066 -0.737077
vn -0.034363 0.005621 0.999394
vn 0.000003 0.000000 1.000000
vn 0.000002 0.000000 1.000000
vn -0.034576 0.005656 0.999386
vn -0.000003 0.000000 -1.000000
vn 0.000000 0.000000 -1.000000
vn 0.000000 0.000000 -1.000000
vn -0.000002 0.000000 -1.000000
vn -0.631060 0.103209 0.768838
vn -0.631060 0.103209 0.768838
vn -0.631060 0.103209 0.768838
vn -0.631060 0.103209 0.768838
vn -0.598151 0.801355 0.006792
vn -0.598185 0.801328 -0.006950
vn -0.631090 0.103198 -0.768815
vn -0.631090 0.103198 -0.768815
vn -0.631090 0.103198 -0.768815
vn -0.631090 0.103198 -0.768815
vn 0.000000 0.000000 1.000000
vn 0.000000 0.000000 1.000000
vn -0.986933 0.161134 0.000001
vn -0.986933 0.161134 0.000001
vn -0.986933 0.161134 0.000001
vn -0.986933 0.161134 0.000001
vn -0.000004 0.000000 -1.000000
vn -0.000004 0.000000 -1.000000
vn 0.990320 0.138805 -0.000001
vn 0.990320 0.138805 -0.000001
vn -0.993270 -0.115819 0.000002
vn -0.993270 -0.115819 0.000002
vn -0.340189 0.055602 0.938712
vn -0.340189 0.055603 0.938712
vn 0.161143 0.986931 0.000000
vn 0.161143 0.986931 0.000000
vn -0.340214 0.055549 -0.938706
vn -0.340214 0.055549 -0.938706
vn -0.255973 -0.620443 -0.741301
vn -0.255973 -0.620443 -0.741301
vn -0.256162 -0.621022 0.740751
vn -0.256162 -0.621022 0.740751
vn -0.707103 0.000000 0.707110
vn -0.707103 0.000000 0.707110
vn -0.707103 0.000000 0.707110
vn -0.707103 0.000000 0.707110
vn -0.707099 0.707115 0.000000
vn -0.707099 0.707115 0.000000
vn -0.707099 0.707115 0.000000
vn -0.707099 0.707115 0.000000
vn 0.000000 0.707107 0.707106
vn 0.000000 0.707107 0.707106
vn 0.000000 0.707107 0.707106
vn 0.000000 0.707107 0.707106
vn -0.707103 0.000000 -0.707110
vn -0.707103 0.000000 -0.707110
vn -0.707103 0.000000 -0.707110
vn -0.707103 0.000000 -0.707110
vn 0.000000 0.707107 -0.707106
vn 0.000000 0.707107 -0.707106
vn 0.000000 0.707107 -0.707106
vn 0.000000 0.707107 -0.707106
vn 0.000000 0.000000 1.000000
vn 0.000000 0.000000 1.000000
vn 0.000000 0.000000 1.000000
vn 0.000000 0.000000 1.000000
vn 0.000000 1.000000 0.000000
vn 0.000000 1.000000 0.000000
vn 0.000000 1.000000 0.000000
vn 0.000000 1.000000 0.000000
vn 0.000000 0.000000 -1.000000
vn 0.000000 0.000000 -1.000000
vn 0.000000 0.000000 -1.000000
vn 0.000000 0.000000 -1.000000
vn -1.000000 0.000000 0.000000
vn -1.000000 0.000000 0.000000
vn -1.000000 0.000000 0.000000
vn -1.000000 0.000000 0.000000
vn -0.577337 0.577370 0.577344
vn -0.577337 0.577370 0.577344
vn -0.577337 0.577370 0.577344
vn -0.577337 0.577370 -0.577344
vn -0.577337 0.577370 -0.577344
vn -0.577337 0.577370 -0.577344
vn -0.998495 0.001959 0.054801
vn -0.998668 0.051544 0.002441
vn -0.998586 0.053153 0.000898
vn -0.998434 0.000964 0.055943
vn -0.689403 0.002007 0.724376
vn -0.689403 0.002007 0.724376
vn -0.689427 0.002000 0.724352
vn -0.697414 -0.000026 0.716669
vn -0.000133 0.706786 0.707428
vn -0.000133 0.706786 0.707428
vn -0.000133 0.706786 0.707428
vn -0.000133 0.706786 0.707428
vn -0.709226 0.704926 0.008808
vn -0.716828 0.696858 0.023391
vn -0.716378 0.697342 -0.022726
vn -0.708964 0.705193 -0.008532
vn 0.997938 0.064114 0.003140
vn 0.998249 0.001611 0.059126
vn 0.998198 0.000599 0.060002
vn 0.997789 0.066458 0.000967
vn 0.710143 0.703676 0.023152
vn 0.702164 0.711970 0.008007
vn 0.702236 0.711900 -0.007910
vn 0.710663 0.703125 -0.023942
vn 0.689008 0.001902 0.724751
vn 0.689008 0.001902 0.724751
vn 0.699529 -0.000399 0.714604
vn 0.689036 0.001896 0.724725
vn -0.998670 0.051513 -0.002347
vn -0.998497 0.001923 -0.054776
vn -0.998439 0.000965 -0.055847
vn -0.998585 0.053173 -0.000702
vn -0.000155 0.706911 -0.707302
vn -0.000155 0.706911 -0.707302
vn -0.000155 0.706911 -0.707302
vn -0.000155 0.706911 -0.707302
vn -0.693311 0.001937 -0.720636
vn -0.693311 0.001937 -0.720636
vn -0.700764 -0.000217 -0.713393
vn -0.693333 0.001931 -0.720614
vn 0.998239 0.001613 -0.059307
vn 0.997937 0.064121 -0.003123
vn 0.997789 0.066455 -0.000948
vn 0.998187 0.000597 -0.060188
vn 0.685073 0.001966 -0.728472
vn 0.685073 0.001966 -0.728472
vn 0.685103 0.001960 -0.728443
vn 0.696584 -0.000259 -0.717475
vn -0.999976 -0.006960 0.000069
vn -0.999419 -0.002764 0.033961
vn -0.998513 0.000099 0.054511
vn -0.999976 -0.006829 0.001136
vn 0.999400 -0.002688 0.034533
vn 0.999980 -0.006342 0.000081
vn 0.999980 -0.006230 0.001132
vn 0.998321 -0.000384 0.057930
vn -0.999421 -0.002757 -0.033903
vn -0.999976 -0.006960 -0.000092
vn -0.999976 -0.006829 -0.001158
vn -0.998518 0.000088 -0.054427
vn 0.999980 -0.006342 -0.000054
vn 0.999388 -0.002674 -0.034883
vn 0.998307 -0.000378 -0.058156
vn 0.999980 -0.006232 -0.001100
vn 0.129844 0.686555 0.715390
vn 0.129844 0.686555 0.715390
vn 0.129844 0.686555 0.715390
vn 0.129844 0.686555 0.715390
vn 0.747952 0.663510 0.017960
vn 0.747441 0.664128 0.016333
vn 0.747818 0.663703 -0.016332
vn 0.748036 0.663440 -0.017007
vn 0.741697 0.001084 0.670734
vn 0.741697 0.001084 0.670734
vn 0.761024 -0.034077 0.647828
vn 0.750759 -0.015043 0.660405
vn 0.129045 0.683356 -0.718591
vn 0.129045 0.683356 -0.718591
vn 0.129045 0.683356 -0.718591
vn 0.129045 0.683356 -0.718591
vn 0.744960 0.001122 -0.667108
vn 0.744960 0.001122 -0.667108
vn 0.753813 -0.015011 -0.656918
vn 0.763846 -0.034071 -0.644499
vn 0.136822 -0.700467 0.700447
vn 0.136822 -0.700467 0.700447
vn 0.136822 -0.700467 0.700447
vn 0.136822 -0.700467 0.700447
vn 0.777231 -0.629112 0.011412
vn 0.783811 -0.620450 0.026121
vn 0.783714 -0.620569 -0.026212
vn 0.777192 -0.629157 -0.011593
vn 0.134904 -0.702708 -0.698572
vn 0.134904 -0.702708 -0.698572
vn 0.134904 -0.702708 -0.698572
vn 0.134904 -0.702708 -0.698572
vn -0.708115 0.705786 0.020963
vn -0.707796 0.706143 0.019686
vn -0.707671 0.706277 -0.019342
vn -0.708200 0.705687 -0.021412
vn -0.685289 0.003159 0.728265
vn -0.685289 0.003159 0.728265
vn -0.685289 0.003159 0.728265
vn -0.685289 0.003159 0.728265
vn -0.688123 0.005642 -0.725572
vn -0.688123 0.005642 -0.725572
vn -0.688123 0.005642 -0.725572
vn -0.688123 0.005642 -0.725572
vn -0.719333 -0.694665 -0.000746
vn -0.719333 -0.694665 -0.000746
vn -0.719333 -0.694665 -0.000746
vn -0.719333 -0.694665 -0.000746
vn -0.000000 0.000000 1.000000
vn -0.000000 0.000000 1.000000
vn -0.000000 0.000000 1.000000
vn -0.000000 0.000000 1.000000
vn -0.000056 -0.000001 -1.000000
vn -0.000056 -0.000001 -1.000000
vn -0.000056 -0.000001 -1.000000
vn -0.000056 -0.000001 -1.000000
vn 0.092800 0.995685 0.000003
vn 0.092800 0.995685 0.000003
vn 0.092800 0.995685 0.000003
vn 0.092800 0.995685 0.000003
vn 0.088254 -0.000529 0.996098
vn 0.088254 -0.000529 0.996098
vn 0.088254 -0.000529 0.996098
vn 0.088254 -0.000529 0.996098
vn 0.102983 -0.994683 -0.000712
vn 0.102983 -0.994683 -0.000712
vn 0.102983 -0.994683 -0.000712
vn 0.102983 -0.994683 -0.000712
vn 0.084946 0.001179 -0.996385
vn 0.084946 0.001179 -0.996385
vn 0.084946 0.001179 -0.996385
vn 0.084946 0.001179 -0.996385
vn 0.000000 1.000000 -0.000000
vn 0.000000 1.000000 -0.000000
vn 0.000000 1.000000 -0.000000
vn 0.000000 1.000000 -0.000000
vn -0.824776 0.402315 0.397351
vn -0.824776 0.402315 0.397351
vn 0.819709 0.432126 0.375959
vn 0.819709 0.432126 0.375959
vn -0.824123 0.418785 -0.381368
vn -0.824123 0.418785 -0.381368
vn 0.820285 0.421307 -0.386824
vn 0.820285 0.421307 -0.386824
vn -0.707173 -0.002534 0.707036
vn 0.709019 -0.002503 0.705185
vn -0.709752 -0.002846 -0.704446
vn 0.707062 -0.002315 -0.707148
vn 0.798368 0.479282 0.364552
vn 0.798368 0.479282 0.364552
vn 0.801236 0.475800 -0.362816
vn 0.801236 0.475800 -0.362816
vn -0.739541 0.522629 0.424191
vn -0.739541 0.522629 0.424191
vn -0.741728 0.523015 -0.419874
vn -0.741728 0.523015 -0.419874
vn -0.829705 -0.387862 0.401439
vn -0.829705 -0.387862 0.401439
vn -0.829705 -0.387862 0.401439
vn -0.829705 -0.387862 0.401440
vn -0.829848 -0.385111 -0.403784
vn -0.829848 -0.385111 -0.403784
vn -0.829848 -0.385111 -0.403784
vn -0.829848 -0.385111 -0.403784
vn -0.985130 0.162834 0.054808
vn -0.977316 0.211773 0.002440
vn -0.976976 0.213349 0.000897
vn -0.985229 0.161844 0.055950
vn -0.680084 0.113077 0.724362
vn -0.680083 0.113077 0.724362
vn -0.680109 0.113075 0.724339
vn -0.688319 0.112364 0.716653
vn 0.113741 0.697558 0.707443
vn 0.113741 0.697558 0.707443
vn 0.113741 0.697558 0.707443
vn 0.113741 0.697558 0.707443
vn -0.586245 0.810086 0.008811
vn -0.595052 0.803347 0.023397
vn -0.594534 0.803749 -0.022730
vn -0.585944 0.810306 -0.008529
vn 0.995228 -0.097524 0.003142
vn 0.985462 -0.159275 0.059123
vn 0.985249 -0.160264 0.059998
vn 0.995459 -0.095183 0.000969
vn 0.814306 0.579974 0.023141
vn 0.807774 0.589438 0.008003
vn 0.807833 0.589358 -0.007911
vn 0.814730 0.579347 -0.023937
vn 0.680313 -0.109155 0.724748
vn 0.680313 -0.109155 0.724748
vn 0.690322 -0.113120 0.714605
vn 0.680339 -0.109165 0.724722
vn -0.977323 0.211742 -0.002344
vn -0.985138 0.162801 -0.054766
vn -0.985235 0.161848 -0.055839
vn -0.976972 0.213368 -0.000702
vn 0.113777 0.697744 -0.707254
vn 0.113777 0.697744 -0.707254
vn 0.113777 0.697744 -0.707254
vn 0.113777 0.697744 -0.707254
vn -0.683896 0.113630 -0.720676
vn -0.683896 0.113630 -0.720676
vn -0.691624 0.112708 -0.713410
vn -0.683920 0.113627 -0.720654
vn 0.985452 -0.159267 -0.059310
vn 0.995230 -0.097511 -0.003126
vn 0.995459 -0.095184 -0.000948
vn 0.985238 -0.160261 -0.060190
vn 0.676411 -0.108452 -0.728496
vn 0.676411 -0.108452 -0.728496
vn 0.676440 -0.108463 -0.728467
vn 0.687424 -0.112504 -0.717489
vn -0.988028 0.154272 0.000070
vn -0.986803 0.158328 0.033955
vn -0.985447 0.161004 0.054516
vn -0.988008 0.154400 0.001137
vn 0.985906 -0.163704 0.034518
vn 0.985889 -0.167403 0.000082
vn 0.985907 -0.167292 0.001133
vn 0.985212 -0.161253 0.057925
vn -0.986805 0.158329 -0.033886
vn -0.988028 0.154272 -0.000091
vn -0.988008 0.154401 -0.001156
vn -0.985454 0.160995 -0.054418
vn 0.985889 -0.167403 -0.000052
vn 0.985894 -0.163699 -0.034857
vn 0.985200 -0.161245 -0.058155
vn 0.985906 -0.167294 -0.001097
vn 0.238786 0.656613 0.715430
vn 0.238786 0.656613 0.715430
vn 0.238786 0.656613 0.715430
vn 0.238786 0.656613 0.715430
vn 0.845130 0.534259 0.017963
vn 0.844727 0.534949 0.016338
vn 0.845029 0.534471 -0.016331
vn 0.845202 0.534177 -0.017004
vn 0.732173 -0.118447 0.670741
vn 0.732173 -0.118447 0.670741
vn 0.745582 -0.156264 0.647835
vn 0.738519 -0.135828 0.660410
vn 0.237485 0.653654 -0.718567
vn 0.237485 0.653654 -0.718567
vn 0.237485 0.653654 -0.718567
vn 0.237485 0.653654 -0.718567
vn 0.735419 -0.118945 -0.667091
vn 0.735419 -0.118945 -0.667091
vn 0.741558 -0.136291 -0.656900
vn 0.748394 -0.156728 -0.644471
vn 0.022150 -0.713380 0.700427
vn 0.022150 -0.713380 0.700427
vn 0.022150 -0.713380 0.700427
vn 0.022150 -0.713380 0.700427
vn 0.665757 -0.746082 0.011411
vn 0.673642 -0.738596 0.026117
vn 0.673534 -0.738691 -0.026203
vn 0.665716 -0.746115 -0.011587
vn 0.019890 -0.715232 -0.698604
vn 0.019890 -0.715232 -0.698604
vn 0.019890 -0.715232 -0.698604
vn 0.019890 -0.715232 -0.698604
vn -0.585147 0.810656 0.020971
vn -0.584774 0.810957 0.019693
vn -0.584633 0.811067 -0.019342
vn -0.585250 0.810570 -0.021412
vn -0.675780 0.113539 0.728306
vn -0.675780 0.113539 0.728306
vn -0.675780 0.113539 0.728306
vn -0.675780 0.113539 0.728306
vn -0.678159 0.116453 -0.725630
vn -0.678159 0.116453 -0.725630
vn -0.678159 0.116453 -0.725630
vn -0.678159 0.116453 -0.725630
vn -0.821895 -0.569639 -0.000746
vn -0.821895 -0.569639 -0.000746
vn -0.821895 -0.569639 -0.000746
vn -0.821895 -0.569639 -0.000746
vn 0.000000 0.000000 1.000000
vn 0.000000 0.000000 1.000000
vn 0.000000 0.000000 1.000000
vn 0.000000 0.000000 1.000000
vn -0.000055 0.000008 -1.000000
vn -0.000055 0.000008 -1.000000
vn -0.000055 0.000008 -1.000000
vn -0.000055 0.000008 -1.000000
vn 0.252038 0.967717 0.000003
vn 0.252038 0.967717 0.000003
vn 0.252038 0.967717 0.000003
vn 0.252038 0.967717 0.000003
vn 0.087016 -0.014743 0.996098
vn 0.087016 -0.014743 0.996098
vn 0.087016 -0.014743 0.996098
vn 0.087016 -0.014743 0.996098
vn -0.058672 -0.998277 -0.000709
vn -0.058672 -0.998277 -0.000709
vn -0.058672 -0.998277 -0.000709
vn -0.058672 -0.998277 -0.000709
vn 0.084027 -0.012525 -0.996385
vn 0.084027 -0.012525 -0.996385
vn 0.084027 -0.012525 -0.996385
vn 0.084027 -0.012525 -0.996385
vn 0.161129 0.986933 -0.000000
vn 0.161129 0.986933 -0.000000
vn 0.161129 0.986933 -0.000000
vn 0.161129 0.986933 -0.000000
vn -0.749124 0.530022 0.397354
vn -0.749124 0.530022 0.397354
vn 0.878628 0.294462 0.375905
vn 0.878628 0.294462 0.375905
vn -0.745833 0.546139 -0.381400
vn -0.745833 0.546139 -0.381400
vn 0.877458 0.283693 -0.386763
vn 0.877458 0.283693 -0.386763
vn -0.698354 0.111465 0.707020
vn 0.699346 -0.116727 0.705188
vn -0.700946 0.111565 -0.704435
vn 0.697445 -0.116222 -0.707151
vn 0.865122 0.344356 0.364668
vn 0.865122 0.344356 0.364668
vn 0.867454 0.340473 -0.362769
vn 0.867454 0.340473 -0.362769
vn -0.645608 0.635030 0.424177
vn -0.645608 0.635030 0.424177
vn -0.647758 0.635668 -0.419925
vn -0.647758 0.635668 -0.419925
vn -0.881380 -0.249014 0.401448
vn -0.881380 -0.249014 0.401448
vn -0.881380 -0.249014 0.401448
vn -0.881380 -0.249014 0.401448
vn -0.881044 -0.246465 -0.403753
vn -0.881044 -0.246465 -0.403753
vn -0.881044 -0.246465 -0.403753
vn -0.881044 -0.246465 -0.403753
vn -0.811959 -0.583714 0.000000
vn -0.811959 -0.583714 0.000000
vn -0.811959 -0.583714 0.000000
vn -0.811959 -0.583714 0.000000
vn -0.113944 -0.697874 0.707099
vn -0.113944 -0.697874 0.707099
vn -0.113944 -0.697874 0.707099
vn -0.113944 -0.697874 0.707099
vn -0.697931 0.113952 0.707041
vn -0.697931 0.113952 0.707041
vn -0.697931 0.113952 0.707041
vn -0.697931 0.113952 0.707041
vn 0.583755 -0.811930 0.000000
vn 0.583755 -0.811930 0.000000
vn 0.583755 -0.811930 0.000000
vn 0.583755 -0.811930 0.000000
vn 0.697852 -0.113949 0.707119
vn 0.697852 -0.113949 0.707119
vn 0.697852 -0.113949 0.707119
vn 0.697852 -0.113949 0.707119
vn -0.584035 0.811729 0.000000
vn -0.584035 0.811729 0.000000
vn -0.584035 0.811729 0.000000
vn -0.584035 0.811729 0.000000
vn 0.113955 0.697893 0.707078
vn 0.113955 0.697893 0.707078
vn 0.113955 0.697893 0.707078
vn 0.113955 0.697893 0.707078
vn 0.811748 0.584008 0.000000
vn 0.811748 0.584008 0.000000
vn 0.811748 0.584008 0.000000
vn 0.811748 0.584008 0.000000
vn -0.811764 -0.583986 0.000000
vn -0.811764 -0.583986 0.000000
vn -0.811764 -0.583986 0.000000
vn -0.811764 -0.583986 0.000000
vn -0.113952 -0.697894 0.707077
vn -0.113952 -0.697894 0.707077
vn -0.113952 -0.697894 0.707077
vn -0.113952 -0.697894 0.707077
vn -0.697773 0.113937 0.707200
vn -0.697773 0.113937 0.707200
vn -0.697773 0.113937 0.707200
vn -0.697773 0.113937 0.707200
vn 0.583928 -0.811806 0.000000
vn 0.583928 -0.811806 0.000000
vn 0.583928 -0.811806 0.000000
vn 0.583928 -0.811806 0.000000
vn 0.697880 -0.113950 0.707091
vn 0.697880 -0.113950 0.707091
vn 0.697880 -0.113950 0.707091
vn 0.697881 -0.113950 0.707091
vn -0.583748 0.811935 0.000000
vn -0.583748 0.811935 0.000000
vn -0.583748 0.811935 0.000000
vn -0.583748 0.811935 0.000000
vn 0.113942 0.697834 0.707138
vn 0.113942 0.697834 0.707138
vn 0.113942 0.697834 0.707138
vn 0.113942 0.697834 0.707138
vn 0.811864 0.583847 0.000000
vn 0.811864 0.583847 0.000000
vn 0.811864 0.583847 0.000000
vn 0.811864 0.583847 0.000000
vn -0.697775 0.113937 -0.707198
vn -0.697775 0.113937 -0.707198
vn -0.697775 0.113937 -0.707198
vn -0.697775 0.113937 -0.707198
vn 0.113942 0.697834 -0.707138
vn 0.113942 0.697834 -0.707138
vn 0.113942 0.697834 -0.707138
vn 0.113942 0.697834 -0.707138
vn 0.697882 -0.113951 -0.707089
vn 0.697882 -0.113951 -0.707089
vn 0.697882 -0.113951 -0.707089
vn 0.697882 -0.113951 -0.707089
vn -0.113952 -0.697894 -0.707077
vn -0.113952 -0.697894 -0.707077
vn -0.113952 -0.697894 -0.707077
vn -0.113952 -0.697894 -0.707077
vn -0.000001 0.000000 1.000000
vn -0.000001 0.000000 1.000000
vn -0.000001 0.000000 1.000000
vn -0.000001 0.000000 1.000000
vn 0.161144 0.986931 0.000000
vn 0.161144 0.986931 0.000000
vn 0.161144 0.986931 0.000000
vn 0.161144 0.986931 0.000000
vn -0.161122 -0.986935 0.000000
vn -0.161122 -0.986935 0.000000
vn -0.161122 -0.986935 0.000000
vn -0.161122 -0.986935 0.000000
vn 0.986929 -0.161155 0.000000
vn 0.986929 -0.161155 0.000000
vn 0.986929 -0.161155 0.000000
vn 0.986929 -0.161155 0.000000
vn -0.986931 0.161141 0.000000
vn -0.986931 0.161141 0.000000
vn -0.986931 0.161141 0.000000
vn -0.986931 0.161141 0.000000
vn 0.000000 0.000000 1.000000
vn 0.000000 0.000000 1.000000
vn 0.000000 0.000000 1.000000
vn 0.000000 0.000000 1.000000
vn 0.161145 0.986931 0.000000
vn 0.161145 0.986931 0.000000
vn 0.161145 0.986931 0.000000
vn 0.161145 0.986931 0.000000
vn 0.000000 0.000000 -1.000000
vn 0.000000 0.000000 -1.000000
vn 0.000000 0.000000 -1.000000
vn 0.000000 0.000000 -1.000000
vn -0.161147 -0.986930 0.000000
vn -0.161147 -0.986930 0.000000
vn -0.161147 -0.986930 0.000000
vn -0.161147 -0.986930 0.000000
vn 0.986931 -0.161144 0.000000
vn 0.986931 -0.161144 0.000000
vn 0.986931 -0.161144 0.000000
vn 0.986931 -0.161144 0.000000
vn -0.986929 0.161157 0.000000
vn -0.986929 0.161157 0.000000
vn -0.986929 0.161157 0.000000
vn -0.986929 0.161157 0.000000
vn -0.662865 -0.476621 0.577444
vn -0.662865 -0.476621 0.577444
vn -0.662865 -0.476621 0.577444
vn 0.476666 -0.662908 0.577358
vn 0.476666 -0.662908 0.577358
vn 0.476666 -0.662908 0.577358
vn -0.476986 0.662867 0.577140
vn -0.476986 0.662867 0.577140
vn -0.476986 0.662867 0.577140
vn 0.662722 0.476759 0.577495
vn 0.662722 0.476759 0.577495
vn 0.662722 0.476759 0.577495
vn -0.662789 -0.476838 0.577353
vn -0.662788 -0.476838 0.577353
vn -0.662788 -0.476838 0.577353
vn 0.476717 -0.662789 0.577452
vn 0.476717 -0.662789 0.577452
vn 0.476717 -0.662789 0.577452
vn -0.476590 0.662924 0.577403
vn -0.476590 0.662924 0.577403
vn -0.476590 0.662924 0.577403
vn 0.662954 0.476703 0.577275
vn 0.662954 0.476702 0.577275
vn 0.662954 0.476702 0.577275
vn -0.476591 0.662924 -0.577403
vn -0.476591 0.662924 -0.577403
vn -0.476591 0.662924 -0.577403
vn 0.662954 0.476703 -0.577275
vn 0.662954 0.476703 -0.577275
vn 0.662954 0.476703 -0.577275
vn -0.662788 -0.476838 -0.577353
vn -0.662788 -0.476838 -0.577353
vn -0.662789 -0.476838 -0.577353
vn 0.476717 -0.662789 -0.577452
vn 0.476717 -0.662789 -0.577452
vn 0.476717 -0.662789 -0.577452
s 1
g opened_door
usemtl initialShadingGroup
f 387/555/991 385/553/992 388/556/993
f 388/556/993 385/553/992 386/554/994 389/557/995
f 386/554/994 390/558/996 389/557/995
f 388/556/993 392/560/997 391/559/998 387/555/991
f 392/560/997 388/556/993 389/557/995 393/561/999
f 390/558/996 394/562/1000 393/561/999 389/557/995
f 396/564/1001 395/563/1002 392/560/997 393/561/999
f 393/561/999 394/562/1000 396/564/1001
f 391/559/998 392/560/997 395/563/1002
s off
f 398/565/1003 397/566/1004 425/567/1005 426/568/1006
f 400/569/1007 399/570/1008 431/571/1009 432/572/1010
f 401/573/1011 403/574/1012 408/575/1013 407/576/1014
f 403/574/1015 402/577/1016 405/578/1017 404/579/1018
f 404/579/1019 406/580/1020 412/581/1021 411/582/1022
f 427/583/1023 428/584/1024 414/585/1025 413/586/1026
f 409/587/1027 408/575/1028 411/582/1029 410/588/1030
f 429/589/1031 430/590/1032 416/591/1033 415/592/1034
f 397/566/1035 400/569/1036 432/572/1037 425/567/1038
f 403/574/1039 404/579/1040 411/582/1041 408/575/1042
f 428/584/1043 429/589/1044 415/592/1045 414/585/1046
f 399/570/1047 416/593/1048 430/594/1049 431/571/1050
f 413/595/1051 398/565/1052 426/568/1053 427/596/1054
f 401/597/1055 402/577/1056 403/574/1057
f 404/579/1058 405/578/1059 406/598/1060
f 407/576/1061 408/575/1062 409/587/1063
f 410/588/1064 411/582/1065 412/581/1066
f 418/599/1067 417/600/1068 402/577/1069 401/597/1070
f 419/601/1071 418/599/1072 401/597/1073 407/602/1074
f 407/603/1075 409/587/1076 420/604/1077 419/605/1078
f 409/587/1079 410/588/1080 421/606/1081 420/604/1082
f 410/588/1083 412/607/1084 422/608/1085 421/606/1086
f 423/609/1087 422/610/1088 412/611/1089 406/598/1090
f 424/612/1091 423/609/1092 406/598/1093 405/578/1094
f 417/600/1095 424/612/1096 405/578/1097 402/577/1098
f 433/613/1099 434/614/1100 444/615/1101 443/616/1102
f 434/614/1103 435/617/1104 445/618/1105 444/615/1106
f 435/617/1107 436/619/1108 446/620/1109 445/618/1110
f 436/619/1111 437/621/1112 447/622/1113 446/620/1114
f 437/621/1115 438/623/1116 448/624/1117 447/622/1118
f 438/623/1119 439/625/1120 449/626/1121 448/624/1122
f 440/627/1123 441/628/1124 451/629/1125 450/630/1126
f 441/628/1127 442/631/1128 452/632/1129 451/629/1130
f 442/631/1131 433/633/1132 443/634/1133 452/632/1134
s 2
f 434/635/1135 433/636/1136 453/637/1137
f 435/638/1138 434/635/1135 453/637/1137
f 436/639/1139 435/638/1138 453/637/1137
f 437/640/1140 436/639/1139 453/637/1137
f 438/641/1141 437/640/1140 453/637/1137
f 439/642/1142 438/641/1141 453/637/1137
f 440/643/1143 439/642/1142 453/637/1137
f 441/644/1144 440/643/1143 453/637/1137
f 442/645/1145 441/644/1144 453/637/1137
f 433/636/1136 442/645/1145 453/637/1137
s 3
f 443/646/1146 444/647/1147 454/648/1148
f 444/647/1147 445/649/1149 454/648/1148
f 445/649/1149 446/650/1150 454/648/1148
f 446/650/1150 447/651/1151 454/648/1148
f 447/651/1151 448/652/1152 454/648/1148
f 448/652/1152 449/653/1153 454/648/1148
f 449/653/1153 450/654/1154 454/648/1148
f 450/654/1154 451/655/1155 454/648/1148
f 451/655/1155 452/656/1156 454/648/1148
f 452/656/1156 443/646/1146 454/648/1148
s off
f 455/657/1157 456/658/1158 458/659/1159 457/660/1160
f 457/660/1161 458/659/1162 460/661/1163 459/662/1164
f 459/662/1165 460/661/1166 462/663/1167 461/664/1168
s 4
f 464/665/1169 463/666/1170 486/667/1171 485/668/1172
s 5
f 466/669/1173 465/670/1174 488/671/1175 487/672/1176
s 6
f 468/673/1177 467/674/1178 470/675/1179 469/676/1180
s 5
f 469/676/1181 472/677/1182 519/678/1183 518/679/1184
f 471/680/1185 470/675/1186 512/681/1187 511/682/1188
s 8
f 472/683/1189 471/680/1190 476/684/1191 475/685/1192
s 9
f 474/686/1193 473/687/1194 478/688/1195 477/689/1196
s 5
f 475/690/1197 478/688/1198 522/691/1199 521/692/1200
f 477/689/1201 476/693/1202 496/694/1203 495/695/1204
s 11
f 479/696/1205 480/697/1206 505/698/1207 504/699/1208
s 5
f 481/700/1209 482/701/1210 509/702/1211 508/703/1212
s 6
f 483/704/1213 486/667/1214 487/672/1215 490/705/1216
s 4
f 484/706/1217 483/704/1218 502/707/1219 501/708/1220
s 14
f 485/668/1221 484/706/1222 506/709/1223 505/710/1224
s 8
f 489/711/1225 488/671/1226 508/712/1227 507/713/1228
s 5
f 490/705/1229 489/711/1230 514/714/1231 513/715/1232
s 9
f 491/716/1233 494/717/1234 495/695/1235 498/718/1236
s 11
f 492/719/1237 491/720/1238 503/721/1239 506/709/1240
s 14
f 493/722/1241 492/719/1242 501/708/1243 500/723/1244
s 8
f 497/724/1245 496/725/1246 511/682/1247 514/714/1248
s 5
f 498/726/1249 497/724/1250 507/713/1251 510/727/1252
s 6
f 499/728/1253 502/707/1254 513/715/1255 512/681/1256
s 9
f 504/699/1257 503/729/1258 510/730/1259 509/702/1260
s off
f 516/731/1261 515/732/1262 518/679/1263 517/733/1264
s 5
f 517/733/1265 519/678/1183 521/692/1200 520/734/1266
s off
f 520/734/1267 522/691/1268 524/735/1269 523/736/1270
s 6
f 463/666/1271 466/669/1272 487/672/1215 486/667/1214
s off
f 516/731/1273 517/733/1274 520/734/1275 523/736/1276
s 9
f 504/699/1257 509/702/1260 482/701/1277 479/696/1278
s 8
f 465/670/1279 481/737/1280 508/712/1227 488/671/1226
s 14
f 480/738/1281 464/665/1282 485/668/1221 505/710/1224
s 9
f 474/686/1193 477/689/1196 495/695/1235 494/717/1234
s 8
f 511/682/1247 496/725/1246 476/684/1191 471/680/1190
s 6
f 499/728/1253 512/681/1256 470/675/1179 467/674/1178
s 14
f 506/709/1223 484/706/1222 501/708/1243 492/719/1242
s 6
f 483/704/1213 490/705/1216 513/715/1255 502/707/1254
s 8
f 489/711/1225 507/713/1228 497/724/1245 514/714/1248
s 9
f 491/716/1233 498/718/1236 510/730/1259 503/729/1258
s 6
f 468/673/1177 469/676/1180 518/679/1283 515/732/1284
s 8
f 472/677/1189 475/690/1192 521/692/1285 519/678/1286
s 9
f 478/688/1195 473/687/1194 524/735/1287 522/691/1288
s 5
f 469/739/1181 470/675/1186 471/680/1185 472/683/1182
f 475/690/1197 476/693/1202 477/689/1201 478/688/1198
s 4
f 483/704/1218 484/706/1217 485/668/1172 486/667/1171
s 5
f 487/672/1176 488/671/1175 489/711/1230 490/705/1229
s 11
f 491/720/1238 492/719/1237 493/722/1289 494/740/1290
s 5
f 495/695/1204 496/694/1203 497/741/1250 498/718/1249
s 4
f 499/728/1291 500/723/1292 501/708/1220 502/707/1219
s 11
f 503/729/1239 504/699/1208 505/698/1207 506/742/1240
s 5
f 507/743/1251 508/703/1212 509/702/1211 510/730/1252
f 511/682/1188 512/681/1187 513/715/1232 514/714/1231
f 517/733/1265 518/679/1184 519/678/1183
f 520/734/1266 521/692/1200 522/691/1199
s off
f 525/744/1293 526/745/1294 536/746/1295 535/747/1296
f 526/745/1297 527/748/1298 537/749/1299 536/746/1300
f 527/748/1301 528/750/1302 538/751/1303 537/749/1304
f 528/750/1305 529/752/1306 539/753/1307 538/751/1308
f 529/752/1309 530/754/1310 540/755/1311 539/753/1312
f 530/754/1313 531/756/1314 541/757/1315 540/755/1316
f 532/758/1317 533/759/1318 543/760/1319 542/761/1320
f 533/759/1321 534/762/1322 544/763/1323 543/760/1324
f 534/762/1325 525/764/1326 535/765/1327 544/763/1328
s 17
f 526/766/1329 525/767/1330 545/768/1331
f 527/769/1332 526/766/1329 545/768/1331
f 528/770/1333 527/769/1332 545/768/1331
f 529/771/1334 528/770/1333 545/768/1331
f 530/772/1335 529/771/1334 545/768/1331
f 531/773/1336 530/772/1335 545/768/1331
f 532/774/1337 531/773/1336 545/768/1331
f 533/775/1338 532/774/1337 545/768/1331
f 534/776/1339 533/775/1338 545/768/1331
f 525/767/1330 534/776/1339 545/768/1331
s 18
f 535/777/1340 536/778/1341 546/779/1342
f 536/778/1341 537/780/1343 546/779/1342
f 537/780/1343 538/781/1344 546/779/1342
f 538/781/1344 539/782/1345 546/779/1342
f 539/782/1345 540/783/1346 546/779/1342
f 540/783/1346 541/784/1347 546/779/1342
f 541/784/1347 542/785/1348 546/779/1342
f 542/785/1348 543/786/1349 546/779/1342
f 543/786/1349 544/787/1350 546/779/1342
f 544/787/1350 535/777/1340 546/779/1342
s off
f 547/788/1351 548/789/1352 550/790/1353 549/791/1354
f 549/791/1355 550/790/1356 552/792/1357 551/793/1358
f 551/793/1359 552/792/1360 554/794/1361 553/795/1362
s 19
f 556/796/1363 555/797/1364 578/798/1365 577/799/1366
s 20
f 558/800/1367 557/801/1368 580/802/1369 579/803/1370
s 21
f 560/804/1371 559/805/1372 562/806/1373 561/807/1374
s 20
f 561/807/1375 564/808/1376 611/809/1377 610/810/1378
f 563/811/1379 562/806/1380 604/812/1381 603/813/1382
s 23
f 564/814/1383 563/811/1384 568/815/1385 567/816/1386
s 24
f 566/817/1387 565/818/1388 570/819/1389 569/820/1390
s 20
f 567/821/1391 570/819/1392 614/822/1393 613/823/1394
f 569/820/1395 568/824/1396 588/825/1397 587/826/1398
s 26
f 571/827/1399 572/828/1400 597/829/1401 596/830/1402
s 20
f 573/831/1403 574/832/1404 601/833/1405 600/834/1406
s 21
f 575/835/1407 578/798/1408 579/803/1409 582/836/1410
s 19
f 576/837/1411 575/835/1412 594/838/1413 593/839/1414
s 29
f 577/799/1415 576/837/1416 598/840/1417 597/841/1418
s 23
f 581/842/1419 580/802/1420 600/843/1421 599/844/1422
s 20
f 582/836/1423 581/842/1424 606/845/1425 605/846/1426
s 24
f 583/847/1427 586/848/1428 587/826/1429 590/849/1430
s 26
f 584/850/1431 583/851/1432 595/852/1433 598/840/1434
s 29
f 585/853/1435 584/850/1436 593/839/1437 592/854/1438
s 23
f 589/855/1439 588/856/1440 603/813/1441 606/845/1442
s 20
f 590/857/1443 589/855/1444 599/844/1445 602/858/1446
s 21
f 591/859/1447 594/838/1448 605/846/1449 604/812/1450
s 24
f 596/830/1451 595/860/1452 602/861/1453 601/833/1454
s off
f 608/862/1455 607/863/1456 610/810/1457 609/864/1458
s 20
f 609/864/1459 611/809/1377 613/823/1394 612/865/1460
s off
f 612/865/1461 614/822/1462 616/866/1463 615/867/1464
s 21
f 555/797/1465 558/800/1466 579/803/1409 578/798/1408
s off
f 608/862/1467 609/864/1468 612/865/1469 615/867/1470
s 24
f 596/830/1451 601/833/1454 574/832/1471 571/827/1472
s 23
f 557/801/1473 573/868/1474 600/843/1421 580/802/1420
s 29
f 572/869/1475 556/796/1476 577/799/1415 597/841/1418
s 24
f 566/817/1387 569/820/1390 587/826/1429 586/848/1428
s 23
f 603/813/1441 588/856/1440 568/815/1385 563/811/1384
s 21
f 591/859/1447 604/812/1450 562/806/1373 559/805/1372
s 29
f 598/840/1417 576/837/1416 593/839/1437 584/850/1436
s 21
f 575/835/1407 582/836/1410 605/846/1449 594/838/1448
s 23
f 581/842/1419 599/844/1422 589/855/1439 606/845/1442
s 24
f 583/847/1427 590/849/1430 602/861/1453 595/860/1452
s 21
f 560/804/1371 561/807/1374 610/810/1477 607/863/1478
s 23
f 564/808/1383 567/821/1386 613/823/1479 611/809/1480
s 24
f 570/819/1389 565/818/1388 616/866/1481 614/822/1482
s 20
f 561/870/1375 562/806/1380 563/811/1379 564/814/1376
f 567/821/1391 568/824/1396 569/820/1395 570/819/1392
s 19
f 575/835/1412 576/837/1411 577/799/1366 578/798/1365
s 20
f 579/803/1370 580/802/1369 581/842/1424 582/836/1423
s 26
f 583/851/1432 584/850/1431 585/853/1483 586/871/1484
s 20
f 587/826/1398 588/825/1397 589/872/1444 590/849/1443
s 19
f 591/859/1485 592/854/1486 593/839/1414 594/838/1413
s 26
f 595/860/1433 596/830/1402 597/829/1401 598/873/1434
s 20
f 599/874/1445 600/834/1406 601/833/1405 602/861/1446
f 603/813/1382 604/812/1381 605/846/1426 606/845/1425
f 609/864/1459 610/810/1378 611/809/1377
f 612/865/1460 613/823/1394 614/822/1393
s off
f 618/875/1487 617/876/1488 621/877/1489 620/878/1490
f 620/879/1491 622/880/1492 626/881/1493 625/882/1494
f 622/880/1495 621/877/1496 624/883/1497 623/884/1498
f 625/885/1499 627/886/1500 631/887/1501 630/888/1502
f 627/886/1503 626/881/1504 629/889/1505 628/890/1506
f 617/876/1507 619/891/1508 624/883/1509 621/877/1510
f 622/880/1511 623/884/1512 629/889/1513 626/881/1514
f 627/886/1515 628/890/1516 632/892/1517 631/887/1518
f 630/893/1519 618/875/1520 620/878/1521 625/894/1522
f 620/878/1523 621/877/1524 622/880/1525
f 625/882/1526 626/881/1527 627/886/1528
s 32
f 633/895/1529 636/896/1530 689/897/1531 692/898/1532
s 33
f 634/899/1533 633/895/1534 650/900/1535 649/901/1536
s off
f 635/902/1537 634/899/1538 639/903/1539 638/904/1540
s 34
f 636/896/1541 635/905/1542 642/906/1543 641/907/1544
s 35
f 637/908/1545 640/909/1546 675/910/1547 674/911/1548
s 36
f 638/912/1549 637/908/1550 648/913/1551 647/914/1552
s 37
f 640/909/1553 639/903/1554 654/915/1555 653/916/1556
s 32
f 641/907/1557 644/917/1558 685/918/1559 688/919/1560
s off
f 643/920/1561 642/921/1562 647/922/1563 646/923/1564
s 39
f 644/924/1565 643/920/1566 657/925/1567 656/926/1568
s 35
f 645/927/1569 648/913/1570 671/928/1571 670/929/1572
s 40
f 646/923/1573 645/930/1574 659/931/1575 658/932/1576
s 32
f 651/933/1577 650/900/1578 681/934/1579 684/935/1580
s 35
f 653/916/1581 652/936/1582 667/937/1583 666/938/1584
s 32
f 656/939/1585 655/940/1586 677/941/1587 680/942/1588
s 35
f 660/943/1589 659/944/1590 663/945/1591 662/946/1592
s off
f 661/947/1593 664/948/1594 679/949/1595 678/950/1596
s 42
f 662/946/1597 661/947/1598 668/951/1599 667/937/1600
s 43
f 664/948/1601 663/945/1602 670/929/1603 669/952/1604
s off
f 665/953/1605 668/951/1606 683/954/1607 682/955/1608
s 43
f 666/938/1609 665/953/1610 676/956/1611 675/910/1612
s off
f 669/952/1613 672/957/1614 687/958/1615 686/959/1616
s 43
f 672/957/1617 671/928/1618 674/911/1619 673/960/1620
s off
f 673/960/1621 676/956/1622 691/961/1623 690/962/1624
s 45
f 678/950/1625 677/963/1626 684/964/1627 683/954/1628
s off
f 680/965/1629 679/949/1630 686/959/1631 685/966/1632
f 682/967/1633 681/934/1634 692/898/1635 691/968/1636
f 688/969/1637 687/958/1638 690/962/1639 689/970/1640
f 634/899/1641 649/901/1642 654/915/1643 639/903/1644
f 643/920/1645 646/923/1646 658/932/1647 657/925/1648
s 32
f 681/934/1579 650/900/1578 633/895/1529 692/898/1532
s 35
f 667/937/1583 652/936/1582 660/943/1589 662/946/1592
f 663/945/1591 659/944/1590 645/927/1569 670/929/1572
f 648/913/1570 637/908/1545 674/911/1548 671/928/1571
f 640/909/1546 653/916/1581 666/938/1584 675/910/1547
s off
f 668/951/1649 661/947/1650 678/950/1651 683/954/1652
f 664/948/1653 669/952/1654 686/959/1655 679/949/1656
f 672/957/1657 673/960/1658 690/962/1659 687/958/1660
f 676/956/1661 665/953/1662 682/955/1663 691/961/1664
s 32
f 641/907/1557 688/919/1560 689/897/1531 636/896/1530
s off
f 635/902/1665 638/904/1666 647/922/1667 642/921/1668
s 32
f 644/917/1558 656/939/1585 680/942/1588 685/918/1559
f 677/941/1587 655/940/1586 651/933/1577 684/935/1580
s 34
f 633/895/1669 634/899/1670 635/902/1542 636/971/1541
s 36
f 637/908/1550 638/904/1549 639/903/1671 640/909/1672
s 34
f 641/972/1544 642/921/1543 643/920/1673 644/924/1674
s 36
f 645/930/1675 646/923/1676 647/922/1552 648/973/1551
s 33
f 649/901/1536 650/900/1535 651/974/1677
s 37
f 652/975/1678 653/916/1556 654/915/1555
s 39
f 655/976/1679 656/926/1568 657/925/1567
s 40
f 658/932/1576 659/931/1575 660/977/1680
s 42
f 661/947/1598 662/946/1597 663/945/1681 664/948/1682
f 665/953/1683 666/938/1684 667/937/1600 668/951/1599
s 43
f 669/952/1604 670/929/1603 671/928/1618 672/957/1617
f 673/960/1620 674/911/1619 675/910/1612 676/956/1611
s 45
f 677/963/1626 678/950/1625 679/949/1685 680/978/1686
f 681/934/1687 682/967/1688 683/979/1628 684/935/1627
s off
f 685/966/1689 686/959/1690 687/958/1691 688/980/1692
f 689/897/1693 690/981/1694 691/968/1695 692/898/1696
s 46
f 693/982/1697 696/983/1698 749/984/1699 752/985/1700
s 47
f 694/986/1701 693/982/1702 710/987/1703 709/988/1704
s off
f 695/989/1705 694/986/1706 699/990/1707 698/991/1708
s 48
f 696/983/1709 695/992/1710 702/993/1711 701/994/1712
s 49
f 697/995/1713 700/996/1714 735/997/1715 734/998/1716
s 50
f 698/999/1717 697/995/1718 708/1000/1719 707/1001/1720
s 51
f 700/996/1721 699/990/1722 714/1002/1723 713/1003/1724
s 46
f 701/994/1725 704/1004/1726 745/1005/1727 748/1006/1728
s off
f 703/1007/1729 702/1008/1730 707/1009/1731 706/1010/1732
s 53
f 704/1011/1733 703/1007/1734 717/1012/1735 716/1013/1736
s 49
f 705/1014/1737 708/1000/1738 731/1015/1739 730/1016/1740
s 54
f 706/1010/1741 705/1017/1742 719/1018/1743 718/1019/1744
s 46
f 711/1020/1745 710/987/1746 741/1021/1747 744/1022/1748
s 49
f 713/1003/1749 712/1023/1750 727/1024/1751 726/1025/1752
s 46
f 716/1026/1753 715/1027/1754 737/1028/1755 740/1029/1756
s 49
f 720/1030/1757 719/1031/1758 723/1032/1759 722/1033/1760
s off
f 721/1034/1761 724/1035/1762 739/1036/1763 738/1037/1764
s 56
f 722/1033/1765 721/1034/1766 728/1038/1767 727/1024/1768
s 57
f 724/1035/1769 723/1032/1770 730/1016/1771 729/1039/1772
s off
f 725/1040/1773 728/1038/1774 743/1041/1775 742/1042/1776
s 57
f 726/1025/1777 725/1040/1778 736/1043/1779 735/997/1780
s off
f 729/1039/1781 732/1044/1782 747/1045/1783 746/1046/1784
s 57
f 732/1044/1785 731/1015/1786 734/998/1787 733/1047/1788
s off
f 733/1047/1789 736/1043/1790 751/1048/1791 750/1049/1792
s 59
f 738/1037/1793 737/1050/1794 744/1051/1795 743/1041/1796
s off
f 740/1052/1797 739/1036/1798 746/1046/1799 745/1053/1800
f 742/1054/1801 741/1021/1802 752/985/1803 751/1055/1804
f 748/1056/1805 747/1045/1806 750/1049/1807 749/1057/1808
f 694/986/1809 709/988/1810 714/1002/1811 699/990/1812
f 703/1007/1813 706/1010/1814 718/1019/1815 717/1012/1816
s 46
f 741/1021/1747 710/987/1746 693/982/1697 752/985/1700
s 49
f 727/1024/1751 712/1023/1750 720/1030/1757 722/1033/1760
f 723/1032/1759 719/1031/1758 705/1014/1737 730/1016/1740
f 708/1000/1738 697/995/1713 734/998/1716 731/1015/1739
f 700/996/1714 713/1003/1749 726/1025/1752 735/997/1715
s off
f 728/1038/1817 721/1034/1818 738/1037/1819 743/1041/1820
f 724/1035/1821 729/1039/1822 746/1046/1823 739/1036/1824
f 732/1044/1825 733/1047/1826 750/1049/1827 747/1045/1828
f 736/1043/1829 725/1040/1830 742/1042/1831 751/1048/1832
s 46
f 701/994/1725 748/1006/1728 749/984/1699 696/983/1698
s off
f 695/989/1833 698/991/1834 707/1009/1835 702/1008/1836
s 46
f 704/1004/1726 716/1026/1753 740/1029/1756 745/1005/1727
f 737/1028/1755 715/1027/1754 711/1020/1745 744/1022/1748
s 48
f 693/982/1837 694/986/1838 695/989/1710 696/1058/1709
s 50
f 697/995/1718 698/991/1717 699/990/1839 700/996/1840
s 48
f 701/1059/1712 702/1008/1711 703/1007/1841 704/1011/1842
s 50
f 705/1017/1843 706/1010/1844 707/1009/1720 708/1060/1719
s 47
f 709/988/1704 710/987/1703 711/1061/1845
s 51
f 712/1062/1846 713/1003/1724 714/1002/1723
s 53
f 715/1063/1847 716/1013/1736 717/1012/1735
s 54
f 718/1019/1744 719/1018/1743 720/1064/1848
s 56
f 721/1034/1766 722/1033/1765 723/1032/1849 724/1035/1850
f 725/1040/1851 726/1025/1852 727/1024/1768 728/1038/1767
s 57
f 729/1039/1772 730/1016/1771 731/1015/1786 732/1044/1785
f 733/1047/1788 734/998/1787 735/997/1780 736/1043/1779
s 59
f 737/1050/1794 738/1037/1793 739/1036/1853 740/1065/1854
f 741/1021/1855 742/1054/1856 743/1066/1796 744/1022/1795
s off
f 745/1053/1857 746/1046/1858 747/1045/1859 748/1067/1860
f 749/984/1861 750/1068/1862 751/1055/1863 752/985/1864
f 753/1069/1865 755/1070/1866 770/1071/1867 769/1072/1868
f 754/1073/1869 753/1074/1870 758/1075/1871 757/1076/1872
f 755/1077/1873 754/1073/1874 760/1078/1875 759/1079/1876
f 756/1080/1877 758/1081/1878 772/1082/1879 771/1083/1880
f 757/1076/1881 756/1084/1882 764/1085/1883 763/1086/1884
f 759/1087/1885 761/1088/1886 766/1089/1887 765/1090/1888
f 761/1088/1889 760/1078/1890 763/1086/1891 762/1091/1892
f 762/1091/1893 764/1092/1894 768/1093/1895 767/1094/1896
f 773/1095/1897 775/1096/1898 791/1097/1899 793/1098/1900
f 774/1099/1901 773/1100/1902 778/1101/1903 777/1102/1904
f 775/1103/1905 774/1099/1906 780/1104/1907 779/1105/1908
f 776/1106/1909 778/1107/1910 794/1108/1911 796/1109/1912
f 777/1102/1913 776/1110/1914 784/1111/1915 783/1112/1916
f 779/1113/1917 781/1114/1918 786/1115/1919 785/1116/1920
f 781/1114/1921 780/1104/1922 783/1112/1923 782/1117/1924
f 782/1117/1925 784/1118/1926 790/1119/1927 789/1120/1928
f 785/1121/1929 787/1122/1930 792/1123/1931 791/1124/1932
f 787/1122/1933 786/1115/1934 789/1120/1935 788/1125/1936
f 788/1125/1937 790/1126/1938 796/1127/1939 795/1128/1940
f 793/1098/1941 792/1123/1942 795/1128/1943 794/1108/1944
f 754/1073/1945 757/1076/1946 763/1086/1947 760/1078/1948
f 761/1088/1949 762/1091/1950 767/1094/1951 766/1089/1952
f 753/1069/1953 769/1072/1954 772/1082/1955 758/1081/1956
f 756/1084/1957 771/1129/1958 768/1130/1959 764/1085/1960
f 770/1131/1961 755/1077/1962 759/1079/1963 765/1132/1964
f 774/1099/1965 777/1102/1966 783/1112/1967 780/1104/1968
f 781/1114/1969 782/1117/1970 789/1120/1971 786/1115/1972
f 787/1122/1973 788/1125/1974 795/1128/1975 792/1123/1976
f 793/1098/1977 794/1108/1978 778/1107/1979 773/1095/1980
f 776/1110/1981 796/1133/1982 790/1134/1983 784/1111/1984
f 791/1135/1985 775/1103/1986 779/1105/1987 785/1136/1988
f 753/1074/1989 754/1073/1990 755/1077/1991
f 756/1084/1992 757/1076/1993 758/1075/1994
f 759/1079/1995 760/1078/1996 761/1088/1997
f 762/1091/1998 763/1086/1999 764/1085/2000
f 773/1100/2001 774/1099/2002 775/1103/2003
f 776/1110/2004 777/1102/2005 778/1101/2006
f 779/1105/2007 780/1104/2008 781/1114/2009
f 782/1117/2010 783/1112/2011 784/1111/2012
f 785/1116/2013 786/1115/2014 787/1122/2015
f 788/1125/2016 789/1120/2017 790/1119/2018
f 791/1124/2019 792/1123/2020 793/1098/2021
f 794/1108/2022 795/1128/2023 796/1127/2024
